run_id,compute_endpoint,reserve_case,baseline,return_gap_type,all_requests_in_class,reuse_eligible_in_class,source,count,reusable_tokens,fraction_of_all_requests_in_class,fraction_of_reuse_eligible_in_class
zero_residual__central_full_attention__hbm_lru_recompute,central_full_attention,zero_residual,hbm_lru_recompute,human,31997,26952,decode_hbm,3223,1285822315,0.10072819326811888,0.1195829623033541
zero_residual__central_full_attention__hbm_lru_recompute,central_full_attention,zero_residual,hbm_lru_recompute,human,31997,26952,cpu,0,0,0.0,0.0
zero_residual__central_full_attention__hbm_lru_recompute,central_full_attention,zero_residual,hbm_lru_recompute,human,31997,26952,ssd,0,0,0.0,0.0
zero_residual__central_full_attention__hbm_lru_recompute,central_full_attention,zero_residual,hbm_lru_recompute,human,31997,26952,recompute,23729,5257502628,0.7416007750726631,0.8804170376966459
zero_residual__central_full_attention__hbm_lru_recompute,central_full_attention,zero_residual,hbm_lru_recompute,mixed,3097,2557,decode_hbm,203,45546403,0.06554730384242816,0.07938991005084083
zero_residual__central_full_attention__hbm_lru_recompute,central_full_attention,zero_residual,hbm_lru_recompute,mixed,3097,2557,cpu,0,0,0.0,0.0
zero_residual__central_full_attention__hbm_lru_recompute,central_full_attention,zero_residual,hbm_lru_recompute,mixed,3097,2557,ssd,0,0,0.0,0.0
zero_residual__central_full_attention__hbm_lru_recompute,central_full_attention,zero_residual,hbm_lru_recompute,mixed,3097,2557,recompute,2354,391021731,0.7600904100742654,0.9206100899491592
zero_residual__central_full_attention__hbm_lru_recompute,central_full_attention,zero_residual,hbm_lru_recompute,session_start,4281,0,decode_hbm,0,0,0.0,0.0
zero_residual__central_full_attention__hbm_lru_recompute,central_full_attention,zero_residual,hbm_lru_recompute,session_start,4281,0,cpu,0,0,0.0,0.0
zero_residual__central_full_attention__hbm_lru_recompute,central_full_attention,zero_residual,hbm_lru_recompute,session_start,4281,0,ssd,0,0,0.0,0.0
zero_residual__central_full_attention__hbm_lru_recompute,central_full_attention,zero_residual,hbm_lru_recompute,session_start,4281,0,recompute,0,0,0.0,0.0
zero_residual__central_full_attention__hbm_lru_recompute,central_full_attention,zero_residual,hbm_lru_recompute,tool,313179,308885,decode_hbm,42630,7438372174,0.13612023794698877,0.1380125289347168
zero_residual__central_full_attention__hbm_lru_recompute,central_full_attention,zero_residual,hbm_lru_recompute,tool,313179,308885,cpu,0,0,0.0,0.0
zero_residual__central_full_attention__hbm_lru_recompute,central_full_attention,zero_residual,hbm_lru_recompute,tool,313179,308885,ssd,0,0,0.0,0.0
zero_residual__central_full_attention__hbm_lru_recompute,central_full_attention,zero_residual,hbm_lru_recompute,tool,313179,308885,recompute,266255,38338330187,0.8501687533327585,0.8619874710652832
zero_residual__central_full_attention__hbm_lru_recompute,central_full_attention,zero_residual,hbm_lru_recompute,unknown,4607,0,decode_hbm,0,0,0.0,0.0
zero_residual__central_full_attention__hbm_lru_recompute,central_full_attention,zero_residual,hbm_lru_recompute,unknown,4607,0,cpu,0,0,0.0,0.0
zero_residual__central_full_attention__hbm_lru_recompute,central_full_attention,zero_residual,hbm_lru_recompute,unknown,4607,0,ssd,0,0,0.0,0.0
zero_residual__central_full_attention__hbm_lru_recompute,central_full_attention,zero_residual,hbm_lru_recompute,unknown,4607,0,recompute,0,0,0.0,0.0
zero_residual__central_full_attention__hbm_ssd_direct,central_full_attention,zero_residual,hbm_ssd_direct,human,31997,26952,decode_hbm,8520,3334290317,0.2662749632778073,0.3161175422974176
zero_residual__central_full_attention__hbm_ssd_direct,central_full_attention,zero_residual,hbm_ssd_direct,human,31997,26952,cpu,0,0,0.0,0.0
zero_residual__central_full_attention__hbm_ssd_direct,central_full_attention,zero_residual,hbm_ssd_direct,human,31997,26952,ssd,18432,3209034626,0.5760540050629747,0.6838824577025824
zero_residual__central_full_attention__hbm_ssd_direct,central_full_attention,zero_residual,hbm_ssd_direct,human,31997,26952,recompute,0,0,0.0,0.0
zero_residual__central_full_attention__hbm_ssd_direct,central_full_attention,zero_residual,hbm_ssd_direct,mixed,3097,2557,decode_hbm,737,159905654,0.23797223119147562,0.28822839264763395
zero_residual__central_full_attention__hbm_ssd_direct,central_full_attention,zero_residual,hbm_ssd_direct,mixed,3097,2557,cpu,0,0,0.0,0.0
zero_residual__central_full_attention__hbm_ssd_direct,central_full_attention,zero_residual,hbm_ssd_direct,mixed,3097,2557,ssd,1820,276662480,0.5876654827252179,0.7117716073523661
zero_residual__central_full_attention__hbm_ssd_direct,central_full_attention,zero_residual,hbm_ssd_direct,mixed,3097,2557,recompute,0,0,0.0,0.0
zero_residual__central_full_attention__hbm_ssd_direct,central_full_attention,zero_residual,hbm_ssd_direct,session_start,4281,0,decode_hbm,0,0,0.0,0.0
zero_residual__central_full_attention__hbm_ssd_direct,central_full_attention,zero_residual,hbm_ssd_direct,session_start,4281,0,cpu,0,0,0.0,0.0
zero_residual__central_full_attention__hbm_ssd_direct,central_full_attention,zero_residual,hbm_ssd_direct,session_start,4281,0,ssd,0,0,0.0,0.0
zero_residual__central_full_attention__hbm_ssd_direct,central_full_attention,zero_residual,hbm_ssd_direct,session_start,4281,0,recompute,0,0,0.0,0.0
zero_residual__central_full_attention__hbm_ssd_direct,central_full_attention,zero_residual,hbm_ssd_direct,tool,313179,308885,decode_hbm,115451,21245846350,0.3686422141969928,0.3737669359146608
zero_residual__central_full_attention__hbm_ssd_direct,central_full_attention,zero_residual,hbm_ssd_direct,tool,313179,308885,cpu,0,0,0.0,0.0
zero_residual__central_full_attention__hbm_ssd_direct,central_full_attention,zero_residual,hbm_ssd_direct,tool,313179,308885,ssd,193434,24530856011,0.6176467770827546,0.6262330640853392
zero_residual__central_full_attention__hbm_ssd_direct,central_full_attention,zero_residual,hbm_ssd_direct,tool,313179,308885,recompute,0,0,0.0,0.0
zero_residual__central_full_attention__hbm_ssd_direct,central_full_attention,zero_residual,hbm_ssd_direct,unknown,4607,0,decode_hbm,0,0,0.0,0.0
zero_residual__central_full_attention__hbm_ssd_direct,central_full_attention,zero_residual,hbm_ssd_direct,unknown,4607,0,cpu,0,0,0.0,0.0
zero_residual__central_full_attention__hbm_ssd_direct,central_full_attention,zero_residual,hbm_ssd_direct,unknown,4607,0,ssd,0,0,0.0,0.0
zero_residual__central_full_attention__hbm_ssd_direct,central_full_attention,zero_residual,hbm_ssd_direct,unknown,4607,0,recompute,0,0,0.0,0.0
zero_residual__central_full_attention__tiered,central_full_attention,zero_residual,tiered,human,31997,26952,decode_hbm,9601,3487504636,0.30005938056692816,0.35622588305135056
zero_residual__central_full_attention__tiered,central_full_attention,zero_residual,tiered,human,31997,26952,cpu,10894,2001102070,0.340469419008032,0.4042000593647967
zero_residual__central_full_attention__tiered,central_full_attention,zero_residual,tiered,human,31997,26952,ssd,6457,1054718237,0.2018001687658218,0.23957405758385278
zero_residual__central_full_attention__tiered,central_full_attention,zero_residual,tiered,human,31997,26952,recompute,0,0,0.0,0.0
zero_residual__central_full_attention__tiered,central_full_attention,zero_residual,tiered,mixed,3097,2557,decode_hbm,1043,199685764,0.3367775266386826,0.40789988267500976
zero_residual__central_full_attention__tiered,central_full_attention,zero_residual,tiered,mixed,3097,2557,cpu,1094,158344861,0.35324507587988374,0.4278451310129057
zero_residual__central_full_attention__tiered,central_full_attention,zero_residual,tiered,mixed,3097,2557,ssd,420,78537509,0.1356151113981272,0.16425498631208446
zero_residual__central_full_attention__tiered,central_full_attention,zero_residual,tiered,mixed,3097,2557,recompute,0,0,0.0,0.0
zero_residual__central_full_attention__tiered,central_full_attention,zero_residual,tiered,session_start,4281,0,decode_hbm,0,0,0.0,0.0
zero_residual__central_full_attention__tiered,central_full_attention,zero_residual,tiered,session_start,4281,0,cpu,0,0,0.0,0.0
zero_residual__central_full_attention__tiered,central_full_attention,zero_residual,tiered,session_start,4281,0,ssd,0,0,0.0,0.0
zero_residual__central_full_attention__tiered,central_full_attention,zero_residual,tiered,session_start,4281,0,recompute,0,0,0.0,0.0
zero_residual__central_full_attention__tiered,central_full_attention,zero_residual,tiered,tool,313179,308885,decode_hbm,203689,31038847935,0.6503916290683602,0.6594331223594542
zero_residual__central_full_attention__tiered,central_full_attention,zero_residual,tiered,tool,313179,308885,cpu,50880,6767853763,0.16246300039274664,0.1647214982922447
zero_residual__central_full_attention__tiered,central_full_attention,zero_residual,tiered,tool,313179,308885,ssd,54316,7970000663,0.17343436181864047,0.17584537934830113
zero_residual__central_full_attention__tiered,central_full_attention,zero_residual,tiered,tool,313179,308885,recompute,0,0,0.0,0.0
zero_residual__central_full_attention__tiered,central_full_attention,zero_residual,tiered,unknown,4607,0,decode_hbm,0,0,0.0,0.0
zero_residual__central_full_attention__tiered,central_full_attention,zero_residual,tiered,unknown,4607,0,cpu,0,0,0.0,0.0
zero_residual__central_full_attention__tiered,central_full_attention,zero_residual,tiered,unknown,4607,0,ssd,0,0,0.0,0.0
zero_residual__central_full_attention__tiered,central_full_attention,zero_residual,tiered,unknown,4607,0,recompute,0,0,0.0,0.0
zero_residual__central_attention_one_third__hbm_lru_recompute,central_attention_one_third,zero_residual,hbm_lru_recompute,human,31997,26952,decode_hbm,5019,1920404851,0.15685845548020128,0.186219946571683
zero_residual__central_attention_one_third__hbm_lru_recompute,central_attention_one_third,zero_residual,hbm_lru_recompute,human,31997,26952,cpu,0,0,0.0,0.0
zero_residual__central_attention_one_third__hbm_lru_recompute,central_attention_one_third,zero_residual,hbm_lru_recompute,human,31997,26952,ssd,0,0,0.0,0.0
zero_residual__central_attention_one_third__hbm_lru_recompute,central_attention_one_third,zero_residual,hbm_lru_recompute,human,31997,26952,recompute,21933,4622920092,0.6854705128605807,0.813780053428317
zero_residual__central_attention_one_third__hbm_lru_recompute,central_attention_one_third,zero_residual,hbm_lru_recompute,mixed,3097,2557,decode_hbm,377,74782350,0.121730707135938,0.14743840438013298
zero_residual__central_attention_one_third__hbm_lru_recompute,central_attention_one_third,zero_residual,hbm_lru_recompute,mixed,3097,2557,cpu,0,0,0.0,0.0
zero_residual__central_attention_one_third__hbm_lru_recompute,central_attention_one_third,zero_residual,hbm_lru_recompute,mixed,3097,2557,ssd,0,0,0.0,0.0
zero_residual__central_attention_one_third__hbm_lru_recompute,central_attention_one_third,zero_residual,hbm_lru_recompute,mixed,3097,2557,recompute,2180,361785784,0.7039070067807556,0.852561595619867
zero_residual__central_attention_one_third__hbm_lru_recompute,central_attention_one_third,zero_residual,hbm_lru_recompute,session_start,4281,0,decode_hbm,0,0,0.0,0.0
zero_residual__central_attention_one_third__hbm_lru_recompute,central_attention_one_third,zero_residual,hbm_lru_recompute,session_start,4281,0,cpu,0,0,0.0,0.0
zero_residual__central_attention_one_third__hbm_lru_recompute,central_attention_one_third,zero_residual,hbm_lru_recompute,session_start,4281,0,ssd,0,0,0.0,0.0
zero_residual__central_attention_one_third__hbm_lru_recompute,central_attention_one_third,zero_residual,hbm_lru_recompute,session_start,4281,0,recompute,0,0,0.0,0.0
zero_residual__central_attention_one_third__hbm_lru_recompute,central_attention_one_third,zero_residual,hbm_lru_recompute,tool,313179,308885,decode_hbm,62797,10730120703,0.20051472161287953,0.20330219984783982
zero_residual__central_attention_one_third__hbm_lru_recompute,central_attention_one_third,zero_residual,hbm_lru_recompute,tool,313179,308885,cpu,0,0,0.0,0.0
zero_residual__central_attention_one_third__hbm_lru_recompute,central_attention_one_third,zero_residual,hbm_lru_recompute,tool,313179,308885,ssd,0,0,0.0,0.0
zero_residual__central_attention_one_third__hbm_lru_recompute,central_attention_one_third,zero_residual,hbm_lru_recompute,tool,313179,308885,recompute,246088,35046581658,0.7857742696668678,0.7966978001521602
zero_residual__central_attention_one_third__hbm_lru_recompute,central_attention_one_third,zero_residual,hbm_lru_recompute,unknown,4607,0,decode_hbm,0,0,0.0,0.0
zero_residual__central_attention_one_third__hbm_lru_recompute,central_attention_one_third,zero_residual,hbm_lru_recompute,unknown,4607,0,cpu,0,0,0.0,0.0
zero_residual__central_attention_one_third__hbm_lru_recompute,central_attention_one_third,zero_residual,hbm_lru_recompute,unknown,4607,0,ssd,0,0,0.0,0.0
zero_residual__central_attention_one_third__hbm_lru_recompute,central_attention_one_third,zero_residual,hbm_lru_recompute,unknown,4607,0,recompute,0,0,0.0,0.0
zero_residual__central_attention_one_third__hbm_ssd_direct,central_attention_one_third,zero_residual,hbm_ssd_direct,human,31997,26952,decode_hbm,8652,3374954788,0.2704003500328156,0.3210151380231523
zero_residual__central_attention_one_third__hbm_ssd_direct,central_attention_one_third,zero_residual,hbm_ssd_direct,human,31997,26952,cpu,0,0,0.0,0.0
zero_residual__central_attention_one_third__hbm_ssd_direct,central_attention_one_third,zero_residual,hbm_ssd_direct,human,31997,26952,ssd,18300,3168370155,0.5719286183079664,0.6789848619768477
zero_residual__central_attention_one_third__hbm_ssd_direct,central_attention_one_third,zero_residual,hbm_ssd_direct,human,31997,26952,recompute,0,0,0.0,0.0
zero_residual__central_attention_one_third__hbm_ssd_direct,central_attention_one_third,zero_residual,hbm_ssd_direct,mixed,3097,2557,decode_hbm,764,168163647,0.24669034549564095,0.2987876417676965
zero_residual__central_attention_one_third__hbm_ssd_direct,central_attention_one_third,zero_residual,hbm_ssd_direct,mixed,3097,2557,cpu,0,0,0.0,0.0
zero_residual__central_attention_one_third__hbm_ssd_direct,central_attention_one_third,zero_residual,hbm_ssd_direct,mixed,3097,2557,ssd,1793,268404487,0.5789473684210527,0.7012123582323034
zero_residual__central_attention_one_third__hbm_ssd_direct,central_attention_one_third,zero_residual,hbm_ssd_direct,mixed,3097,2557,recompute,0,0,0.0,0.0
zero_residual__central_attention_one_third__hbm_ssd_direct,central_attention_one_third,zero_residual,hbm_ssd_direct,session_start,4281,0,decode_hbm,0,0,0.0,0.0
zero_residual__central_attention_one_third__hbm_ssd_direct,central_attention_one_third,zero_residual,hbm_ssd_direct,session_start,4281,0,cpu,0,0,0.0,0.0
zero_residual__central_attention_one_third__hbm_ssd_direct,central_attention_one_third,zero_residual,hbm_ssd_direct,session_start,4281,0,ssd,0,0,0.0,0.0
zero_residual__central_attention_one_third__hbm_ssd_direct,central_attention_one_third,zero_residual,hbm_ssd_direct,session_start,4281,0,recompute,0,0,0.0,0.0
zero_residual__central_attention_one_third__hbm_ssd_direct,central_attention_one_third,zero_residual,hbm_ssd_direct,tool,313179,308885,decode_hbm,116474,21415569785,0.37190871674026676,0.37707884811499426
zero_residual__central_attention_one_third__hbm_ssd_direct,central_attention_one_third,zero_residual,hbm_ssd_direct,tool,313179,308885,cpu,0,0,0.0,0.0
zero_residual__central_attention_one_third__hbm_ssd_direct,central_attention_one_third,zero_residual,hbm_ssd_direct,tool,313179,308885,ssd,192411,24361132576,0.6143802745394806,0.6229211518850057
zero_residual__central_attention_one_third__hbm_ssd_direct,central_attention_one_third,zero_residual,hbm_ssd_direct,tool,313179,308885,recompute,0,0,0.0,0.0
zero_residual__central_attention_one_third__hbm_ssd_direct,central_attention_one_third,zero_residual,hbm_ssd_direct,unknown,4607,0,decode_hbm,0,0,0.0,0.0
zero_residual__central_attention_one_third__hbm_ssd_direct,central_attention_one_third,zero_residual,hbm_ssd_direct,unknown,4607,0,cpu,0,0,0.0,0.0
zero_residual__central_attention_one_third__hbm_ssd_direct,central_attention_one_third,zero_residual,hbm_ssd_direct,unknown,4607,0,ssd,0,0,0.0,0.0
zero_residual__central_attention_one_third__hbm_ssd_direct,central_attention_one_third,zero_residual,hbm_ssd_direct,unknown,4607,0,recompute,0,0,0.0,0.0
zero_residual__central_attention_one_third__tiered,central_attention_one_third,zero_residual,tiered,human,31997,26952,decode_hbm,10206,3582664984,0.3189674031940494,0.378673196794301
zero_residual__central_attention_one_third__tiered,central_attention_one_third,zero_residual,tiered,human,31997,26952,cpu,10609,1964833909,0.3315623339688096,0.39362570495696053
zero_residual__central_attention_one_third__tiered,central_attention_one_third,zero_residual,tiered,human,31997,26952,ssd,6137,995826050,0.19179923117792294,0.2277010982487385
zero_residual__central_attention_one_third__tiered,central_attention_one_third,zero_residual,tiered,human,31997,26952,recompute,0,0,0.0,0.0
zero_residual__central_attention_one_third__tiered,central_attention_one_third,zero_residual,tiered,mixed,3097,2557,decode_hbm,1139,210459435,0.36777526638682595,0.44544387954634335
zero_residual__central_attention_one_third__tiered,central_attention_one_third,zero_residual,tiered,mixed,3097,2557,cpu,1025,153253533,0.3309654504359057,0.4008603832616347
zero_residual__central_attention_one_third__tiered,central_attention_one_third,zero_residual,tiered,mixed,3097,2557,ssd,393,72855166,0.1268969970939619,0.1536957371920219
zero_residual__central_attention_one_third__tiered,central_attention_one_third,zero_residual,tiered,mixed,3097,2557,recompute,0,0,0.0,0.0
zero_residual__central_attention_one_third__tiered,central_attention_one_third,zero_residual,tiered,session_start,4281,0,decode_hbm,0,0,0.0,0.0
zero_residual__central_attention_one_third__tiered,central_attention_one_third,zero_residual,tiered,session_start,4281,0,cpu,0,0,0.0,0.0
zero_residual__central_attention_one_third__tiered,central_attention_one_third,zero_residual,tiered,session_start,4281,0,ssd,0,0,0.0,0.0
zero_residual__central_attention_one_third__tiered,central_attention_one_third,zero_residual,tiered,session_start,4281,0,recompute,0,0,0.0,0.0
zero_residual__central_attention_one_third__tiered,central_attention_one_third,zero_residual,tiered,tool,313179,308885,decode_hbm,218154,33007336375,0.696579272556589,0.7062628486329864
zero_residual__central_attention_one_third__tiered,central_attention_one_third,zero_residual,tiered,tool,313179,308885,cpu,42741,5506816351,0.13647466784171353,0.13837188597698172
zero_residual__central_attention_one_third__tiered,central_attention_one_third,zero_residual,tiered,tool,313179,308885,ssd,47990,7262549635,0.1532350508814448,0.1553652653900319
zero_residual__central_attention_one_third__tiered,central_attention_one_third,zero_residual,tiered,tool,313179,308885,recompute,0,0,0.0,0.0
zero_residual__central_attention_one_third__tiered,central_attention_one_third,zero_residual,tiered,unknown,4607,0,decode_hbm,0,0,0.0,0.0
zero_residual__central_attention_one_third__tiered,central_attention_one_third,zero_residual,tiered,unknown,4607,0,cpu,0,0,0.0,0.0
zero_residual__central_attention_one_third__tiered,central_attention_one_third,zero_residual,tiered,unknown,4607,0,ssd,0,0,0.0,0.0
zero_residual__central_attention_one_third__tiered,central_attention_one_third,zero_residual,tiered,unknown,4607,0,recompute,0,0,0.0,0.0
zero_residual__fast_full_attention__hbm_lru_recompute,fast_full_attention,zero_residual,hbm_lru_recompute,human,31997,26952,decode_hbm,3666,1373673216,0.11457324124136638,0.13601959038290293
zero_residual__fast_full_attention__hbm_lru_recompute,fast_full_attention,zero_residual,hbm_lru_recompute,human,31997,26952,cpu,0,0,0.0,0.0
zero_residual__fast_full_attention__hbm_lru_recompute,fast_full_attention,zero_residual,hbm_lru_recompute,human,31997,26952,ssd,0,0,0.0,0.0
zero_residual__fast_full_attention__hbm_lru_recompute,fast_full_attention,zero_residual,hbm_lru_recompute,human,31997,26952,recompute,23286,5169651727,0.7277557270994156,0.8639804096170971
zero_residual__fast_full_attention__hbm_lru_recompute,fast_full_attention,zero_residual,hbm_lru_recompute,mixed,3097,2557,decode_hbm,251,51896453,0.08104617371649984,0.09816190848650763
zero_residual__fast_full_attention__hbm_lru_recompute,fast_full_attention,zero_residual,hbm_lru_recompute,mixed,3097,2557,cpu,0,0,0.0,0.0
zero_residual__fast_full_attention__hbm_lru_recompute,fast_full_attention,zero_residual,hbm_lru_recompute,mixed,3097,2557,ssd,0,0,0.0,0.0
zero_residual__fast_full_attention__hbm_lru_recompute,fast_full_attention,zero_residual,hbm_lru_recompute,mixed,3097,2557,recompute,2306,384671681,0.7445915402001937,0.9018380915134924
zero_residual__fast_full_attention__hbm_lru_recompute,fast_full_attention,zero_residual,hbm_lru_recompute,session_start,4281,0,decode_hbm,0,0,0.0,0.0
zero_residual__fast_full_attention__hbm_lru_recompute,fast_full_attention,zero_residual,hbm_lru_recompute,session_start,4281,0,cpu,0,0,0.0,0.0
zero_residual__fast_full_attention__hbm_lru_recompute,fast_full_attention,zero_residual,hbm_lru_recompute,session_start,4281,0,ssd,0,0,0.0,0.0
zero_residual__fast_full_attention__hbm_lru_recompute,fast_full_attention,zero_residual,hbm_lru_recompute,session_start,4281,0,recompute,0,0,0.0,0.0
zero_residual__fast_full_attention__hbm_lru_recompute,fast_full_attention,zero_residual,hbm_lru_recompute,tool,313179,308885,decode_hbm,46501,8067038983,0.14848058139274983,0.15054470110235202
zero_residual__fast_full_attention__hbm_lru_recompute,fast_full_attention,zero_residual,hbm_lru_recompute,tool,313179,308885,cpu,0,0,0.0,0.0
zero_residual__fast_full_attention__hbm_lru_recompute,fast_full_attention,zero_residual,hbm_lru_recompute,tool,313179,308885,ssd,0,0,0.0,0.0
zero_residual__fast_full_attention__hbm_lru_recompute,fast_full_attention,zero_residual,hbm_lru_recompute,tool,313179,308885,recompute,262384,37709663378,0.8378084098869976,0.849455298897648
zero_residual__fast_full_attention__hbm_lru_recompute,fast_full_attention,zero_residual,hbm_lru_recompute,unknown,4607,0,decode_hbm,0,0,0.0,0.0
zero_residual__fast_full_attention__hbm_lru_recompute,fast_full_attention,zero_residual,hbm_lru_recompute,unknown,4607,0,cpu,0,0,0.0,0.0
zero_residual__fast_full_attention__hbm_lru_recompute,fast_full_attention,zero_residual,hbm_lru_recompute,unknown,4607,0,ssd,0,0,0.0,0.0
zero_residual__fast_full_attention__hbm_lru_recompute,fast_full_attention,zero_residual,hbm_lru_recompute,unknown,4607,0,recompute,0,0,0.0,0.0
zero_residual__fast_full_attention__hbm_ssd_direct,fast_full_attention,zero_residual,hbm_ssd_direct,human,31997,26952,decode_hbm,8607,3353505070,0.2689939681845173,0.31934550311665183
zero_residual__fast_full_attention__hbm_ssd_direct,fast_full_attention,zero_residual,hbm_ssd_direct,human,31997,26952,cpu,0,0,0.0,0.0
zero_residual__fast_full_attention__hbm_ssd_direct,fast_full_attention,zero_residual,hbm_ssd_direct,human,31997,26952,ssd,18345,3189819873,0.5733350001562646,0.6806544968833482
zero_residual__fast_full_attention__hbm_ssd_direct,fast_full_attention,zero_residual,hbm_ssd_direct,human,31997,26952,recompute,0,0,0.0,0.0
zero_residual__fast_full_attention__hbm_ssd_direct,fast_full_attention,zero_residual,hbm_ssd_direct,mixed,3097,2557,decode_hbm,746,163964349,0.24087826929286407,0.29174814235432145
zero_residual__fast_full_attention__hbm_ssd_direct,fast_full_attention,zero_residual,hbm_ssd_direct,mixed,3097,2557,cpu,0,0,0.0,0.0
zero_residual__fast_full_attention__hbm_ssd_direct,fast_full_attention,zero_residual,hbm_ssd_direct,mixed,3097,2557,ssd,1811,272603785,0.5847594446238296,0.7082518576456786
zero_residual__fast_full_attention__hbm_ssd_direct,fast_full_attention,zero_residual,hbm_ssd_direct,mixed,3097,2557,recompute,0,0,0.0,0.0
zero_residual__fast_full_attention__hbm_ssd_direct,fast_full_attention,zero_residual,hbm_ssd_direct,session_start,4281,0,decode_hbm,0,0,0.0,0.0
zero_residual__fast_full_attention__hbm_ssd_direct,fast_full_attention,zero_residual,hbm_ssd_direct,session_start,4281,0,cpu,0,0,0.0,0.0
zero_residual__fast_full_attention__hbm_ssd_direct,fast_full_attention,zero_residual,hbm_ssd_direct,session_start,4281,0,ssd,0,0,0.0,0.0
zero_residual__fast_full_attention__hbm_ssd_direct,fast_full_attention,zero_residual,hbm_ssd_direct,session_start,4281,0,recompute,0,0,0.0,0.0
zero_residual__fast_full_attention__hbm_ssd_direct,fast_full_attention,zero_residual,hbm_ssd_direct,tool,313179,308885,decode_hbm,116329,21376055701,0.37144572273364435,0.376609417744468
zero_residual__fast_full_attention__hbm_ssd_direct,fast_full_attention,zero_residual,hbm_ssd_direct,tool,313179,308885,cpu,0,0,0.0,0.0
zero_residual__fast_full_attention__hbm_ssd_direct,fast_full_attention,zero_residual,hbm_ssd_direct,tool,313179,308885,ssd,192556,24400646660,0.614843268546103,0.623390582255532
zero_residual__fast_full_attention__hbm_ssd_direct,fast_full_attention,zero_residual,hbm_ssd_direct,tool,313179,308885,recompute,0,0,0.0,0.0
zero_residual__fast_full_attention__hbm_ssd_direct,fast_full_attention,zero_residual,hbm_ssd_direct,unknown,4607,0,decode_hbm,0,0,0.0,0.0
zero_residual__fast_full_attention__hbm_ssd_direct,fast_full_attention,zero_residual,hbm_ssd_direct,unknown,4607,0,cpu,0,0,0.0,0.0
zero_residual__fast_full_attention__hbm_ssd_direct,fast_full_attention,zero_residual,hbm_ssd_direct,unknown,4607,0,ssd,0,0,0.0,0.0
zero_residual__fast_full_attention__hbm_ssd_direct,fast_full_attention,zero_residual,hbm_ssd_direct,unknown,4607,0,recompute,0,0,0.0,0.0
zero_residual__fast_full_attention__tiered,fast_full_attention,zero_residual,tiered,human,31997,26952,decode_hbm,9889,3523376786,0.30906022439603714,0.3669115464529534
zero_residual__fast_full_attention__tiered,fast_full_attention,zero_residual,tiered,human,31997,26952,cpu,10651,1971608906,0.3328749570272213,0.3951840308696943
zero_residual__fast_full_attention__tiered,fast_full_attention,zero_residual,tiered,human,31997,26952,ssd,6412,1048339251,0.20039378691752352,0.23790442267735232
zero_residual__fast_full_attention__tiered,fast_full_attention,zero_residual,tiered,human,31997,26952,recompute,0,0,0.0,0.0
zero_residual__fast_full_attention__tiered,fast_full_attention,zero_residual,tiered,mixed,3097,2557,decode_hbm,1089,206042291,0.3516306102680013,0.42588971450919044
zero_residual__fast_full_attention__tiered,fast_full_attention,zero_residual,tiered,mixed,3097,2557,cpu,1045,151665586,0.3374233128834356,0.4086820492764959
zero_residual__fast_full_attention__tiered,fast_full_attention,zero_residual,tiered,mixed,3097,2557,ssd,423,78860257,0.1365837907652567,0.16542823621431366
zero_residual__fast_full_attention__tiered,fast_full_attention,zero_residual,tiered,mixed,3097,2557,recompute,0,0,0.0,0.0
zero_residual__fast_full_attention__tiered,fast_full_attention,zero_residual,tiered,session_start,4281,0,decode_hbm,0,0,0.0,0.0
zero_residual__fast_full_attention__tiered,fast_full_attention,zero_residual,tiered,session_start,4281,0,cpu,0,0,0.0,0.0
zero_residual__fast_full_attention__tiered,fast_full_attention,zero_residual,tiered,session_start,4281,0,ssd,0,0,0.0,0.0
zero_residual__fast_full_attention__tiered,fast_full_attention,zero_residual,tiered,session_start,4281,0,recompute,0,0,0.0,0.0
zero_residual__fast_full_attention__tiered,fast_full_attention,zero_residual,tiered,tool,313179,308885,decode_hbm,209086,31670147656,0.6676245853010578,0.6769056444955243
zero_residual__fast_full_attention__tiered,fast_full_attention,zero_residual,tiered,tool,313179,308885,cpu,46349,6204153967,0.14799523595132497,0.15005260857600725
zero_residual__fast_full_attention__tiered,fast_full_attention,zero_residual,tiered,tool,313179,308885,ssd,53450,7902400738,0.17066917002736454,0.17304174692846852
zero_residual__fast_full_attention__tiered,fast_full_attention,zero_residual,tiered,tool,313179,308885,recompute,0,0,0.0,0.0
zero_residual__fast_full_attention__tiered,fast_full_attention,zero_residual,tiered,unknown,4607,0,decode_hbm,0,0,0.0,0.0
zero_residual__fast_full_attention__tiered,fast_full_attention,zero_residual,tiered,unknown,4607,0,cpu,0,0,0.0,0.0
zero_residual__fast_full_attention__tiered,fast_full_attention,zero_residual,tiered,unknown,4607,0,ssd,0,0,0.0,0.0
zero_residual__fast_full_attention__tiered,fast_full_attention,zero_residual,tiered,unknown,4607,0,recompute,0,0,0.0,0.0
zero_residual__slow_full_attention__hbm_lru_recompute,slow_full_attention,zero_residual,hbm_lru_recompute,human,31997,26952,decode_hbm,3143,1274074752,0.09822795887114417,0.11661472246957554
zero_residual__slow_full_attention__hbm_lru_recompute,slow_full_attention,zero_residual,hbm_lru_recompute,human,31997,26952,cpu,0,0,0.0,0.0
zero_residual__slow_full_attention__hbm_lru_recompute,slow_full_attention,zero_residual,hbm_lru_recompute,human,31997,26952,ssd,0,0,0.0,0.0
zero_residual__slow_full_attention__hbm_lru_recompute,slow_full_attention,zero_residual,hbm_lru_recompute,human,31997,26952,recompute,23809,5269250191,0.7441010094696378,0.8833852775304245
zero_residual__slow_full_attention__hbm_lru_recompute,slow_full_attention,zero_residual,hbm_lru_recompute,mixed,3097,2557,decode_hbm,193,44129053,0.06231837261866322,0.07547907704341025
zero_residual__slow_full_attention__hbm_lru_recompute,slow_full_attention,zero_residual,hbm_lru_recompute,mixed,3097,2557,cpu,0,0,0.0,0.0
zero_residual__slow_full_attention__hbm_lru_recompute,slow_full_attention,zero_residual,hbm_lru_recompute,mixed,3097,2557,ssd,0,0,0.0,0.0
zero_residual__slow_full_attention__hbm_lru_recompute,slow_full_attention,zero_residual,hbm_lru_recompute,mixed,3097,2557,recompute,2364,392439081,0.7633193412980304,0.9245209229565897
zero_residual__slow_full_attention__hbm_lru_recompute,slow_full_attention,zero_residual,hbm_lru_recompute,session_start,4281,0,decode_hbm,0,0,0.0,0.0
zero_residual__slow_full_attention__hbm_lru_recompute,slow_full_attention,zero_residual,hbm_lru_recompute,session_start,4281,0,cpu,0,0,0.0,0.0
zero_residual__slow_full_attention__hbm_lru_recompute,slow_full_attention,zero_residual,hbm_lru_recompute,session_start,4281,0,ssd,0,0,0.0,0.0
zero_residual__slow_full_attention__hbm_lru_recompute,slow_full_attention,zero_residual,hbm_lru_recompute,session_start,4281,0,recompute,0,0,0.0,0.0
zero_residual__slow_full_attention__hbm_lru_recompute,slow_full_attention,zero_residual,hbm_lru_recompute,tool,313179,308885,decode_hbm,40598,7234111901,0.12963193573004575,0.13143402884568692
zero_residual__slow_full_attention__hbm_lru_recompute,slow_full_attention,zero_residual,hbm_lru_recompute,tool,313179,308885,cpu,0,0,0.0,0.0
zero_residual__slow_full_attention__hbm_lru_recompute,slow_full_attention,zero_residual,hbm_lru_recompute,tool,313179,308885,ssd,0,0,0.0,0.0
zero_residual__slow_full_attention__hbm_lru_recompute,slow_full_attention,zero_residual,hbm_lru_recompute,tool,313179,308885,recompute,268287,38542590460,0.8566570555497016,0.8685659711543131
zero_residual__slow_full_attention__hbm_lru_recompute,slow_full_attention,zero_residual,hbm_lru_recompute,unknown,4607,0,decode_hbm,0,0,0.0,0.0
zero_residual__slow_full_attention__hbm_lru_recompute,slow_full_attention,zero_residual,hbm_lru_recompute,unknown,4607,0,cpu,0,0,0.0,0.0
zero_residual__slow_full_attention__hbm_lru_recompute,slow_full_attention,zero_residual,hbm_lru_recompute,unknown,4607,0,ssd,0,0,0.0,0.0
zero_residual__slow_full_attention__hbm_lru_recompute,slow_full_attention,zero_residual,hbm_lru_recompute,unknown,4607,0,recompute,0,0,0.0,0.0
zero_residual__slow_full_attention__hbm_ssd_direct,slow_full_attention,zero_residual,hbm_ssd_direct,human,31997,26952,decode_hbm,8490,3318457345,0.26533737537894175,0.31500445235975066
zero_residual__slow_full_attention__hbm_ssd_direct,slow_full_attention,zero_residual,hbm_ssd_direct,human,31997,26952,cpu,0,0,0.0,0.0
zero_residual__slow_full_attention__hbm_ssd_direct,slow_full_attention,zero_residual,hbm_ssd_direct,human,31997,26952,ssd,18462,3224867598,0.5769915929618402,0.6849955476402493
zero_residual__slow_full_attention__hbm_ssd_direct,slow_full_attention,zero_residual,hbm_ssd_direct,human,31997,26952,recompute,0,0,0.0,0.0
zero_residual__slow_full_attention__hbm_ssd_direct,slow_full_attention,zero_residual,hbm_ssd_direct,mixed,3097,2557,decode_hbm,727,158111454,0.23474329996771068,0.2843175596402034
zero_residual__slow_full_attention__hbm_ssd_direct,slow_full_attention,zero_residual,hbm_ssd_direct,mixed,3097,2557,cpu,0,0,0.0,0.0
zero_residual__slow_full_attention__hbm_ssd_direct,slow_full_attention,zero_residual,hbm_ssd_direct,mixed,3097,2557,ssd,1830,278456680,0.5908944139489829,0.7156824403597967
zero_residual__slow_full_attention__hbm_ssd_direct,slow_full_attention,zero_residual,hbm_ssd_direct,mixed,3097,2557,recompute,0,0,0.0,0.0
zero_residual__slow_full_attention__hbm_ssd_direct,slow_full_attention,zero_residual,hbm_ssd_direct,session_start,4281,0,decode_hbm,0,0,0.0,0.0
zero_residual__slow_full_attention__hbm_ssd_direct,slow_full_attention,zero_residual,hbm_ssd_direct,session_start,4281,0,cpu,0,0,0.0,0.0
zero_residual__slow_full_attention__hbm_ssd_direct,slow_full_attention,zero_residual,hbm_ssd_direct,session_start,4281,0,ssd,0,0,0.0,0.0
zero_residual__slow_full_attention__hbm_ssd_direct,slow_full_attention,zero_residual,hbm_ssd_direct,session_start,4281,0,recompute,0,0,0.0,0.0
zero_residual__slow_full_attention__hbm_ssd_direct,slow_full_attention,zero_residual,hbm_ssd_direct,tool,313179,308885,decode_hbm,115562,21273621393,0.3689966440917175,0.37412629295692573
zero_residual__slow_full_attention__hbm_ssd_direct,slow_full_attention,zero_residual,hbm_ssd_direct,tool,313179,308885,cpu,0,0,0.0,0.0
zero_residual__slow_full_attention__hbm_ssd_direct,slow_full_attention,zero_residual,hbm_ssd_direct,tool,313179,308885,ssd,193323,24503080968,0.6172923471880298,0.6258737070430743
zero_residual__slow_full_attention__hbm_ssd_direct,slow_full_attention,zero_residual,hbm_ssd_direct,tool,313179,308885,recompute,0,0,0.0,0.0
zero_residual__slow_full_attention__hbm_ssd_direct,slow_full_attention,zero_residual,hbm_ssd_direct,unknown,4607,0,decode_hbm,0,0,0.0,0.0
zero_residual__slow_full_attention__hbm_ssd_direct,slow_full_attention,zero_residual,hbm_ssd_direct,unknown,4607,0,cpu,0,0,0.0,0.0
zero_residual__slow_full_attention__hbm_ssd_direct,slow_full_attention,zero_residual,hbm_ssd_direct,unknown,4607,0,ssd,0,0,0.0,0.0
zero_residual__slow_full_attention__hbm_ssd_direct,slow_full_attention,zero_residual,hbm_ssd_direct,unknown,4607,0,recompute,0,0,0.0,0.0
zero_residual__slow_full_attention__tiered,slow_full_attention,zero_residual,tiered,human,31997,26952,decode_hbm,9395,3438115258,0.29362127699471824,0.3485826654793707
zero_residual__slow_full_attention__tiered,slow_full_attention,zero_residual,tiered,human,31997,26952,cpu,11028,2048928759,0.34465731162296465,0.40917186108637577
zero_residual__slow_full_attention__tiered,slow_full_attention,zero_residual,tiered,human,31997,26952,ssd,6529,1056280926,0.20405037972309903,0.24224547343425348
zero_residual__slow_full_attention__tiered,slow_full_attention,zero_residual,tiered,human,31997,26952,recompute,0,0,0.0,0.0
zero_residual__slow_full_attention__tiered,slow_full_attention,zero_residual,tiered,mixed,3097,2557,decode_hbm,1018,196269667,0.3287051985792703,0.3981228001564333
zero_residual__slow_full_attention__tiered,slow_full_attention,zero_residual,tiered,mixed,3097,2557,cpu,1109,161992760,0.3580884727155312,0.4337113805240516
zero_residual__slow_full_attention__tiered,slow_full_attention,zero_residual,tiered,mixed,3097,2557,ssd,430,78305707,0.13884404262189215,0.16816581931951505
zero_residual__slow_full_attention__tiered,slow_full_attention,zero_residual,tiered,mixed,3097,2557,recompute,0,0,0.0,0.0
zero_residual__slow_full_attention__tiered,slow_full_attention,zero_residual,tiered,session_start,4281,0,decode_hbm,0,0,0.0,0.0
zero_residual__slow_full_attention__tiered,slow_full_attention,zero_residual,tiered,session_start,4281,0,cpu,0,0,0.0,0.0
zero_residual__slow_full_attention__tiered,slow_full_attention,zero_residual,tiered,session_start,4281,0,ssd,0,0,0.0,0.0
zero_residual__slow_full_attention__tiered,slow_full_attention,zero_residual,tiered,session_start,4281,0,recompute,0,0,0.0,0.0
zero_residual__slow_full_attention__tiered,slow_full_attention,zero_residual,tiered,tool,313179,308885,decode_hbm,195864,30228896419,0.6254059180213233,0.6341000696051928
zero_residual__slow_full_attention__tiered,slow_full_attention,zero_residual,tiered,tool,313179,308885,cpu,56468,7445248406,0.18030583148933996,0.1828123735370769
zero_residual__slow_full_attention__tiered,slow_full_attention,zero_residual,tiered,tool,313179,308885,ssd,56553,8102557536,0.18057724176908413,0.18308755685773023
zero_residual__slow_full_attention__tiered,slow_full_attention,zero_residual,tiered,tool,313179,308885,recompute,0,0,0.0,0.0
zero_residual__slow_full_attention__tiered,slow_full_attention,zero_residual,tiered,unknown,4607,0,decode_hbm,0,0,0.0,0.0
zero_residual__slow_full_attention__tiered,slow_full_attention,zero_residual,tiered,unknown,4607,0,cpu,0,0,0.0,0.0
zero_residual__slow_full_attention__tiered,slow_full_attention,zero_residual,tiered,unknown,4607,0,ssd,0,0,0.0,0.0
zero_residual__slow_full_attention__tiered,slow_full_attention,zero_residual,tiered,unknown,4607,0,recompute,0,0,0.0,0.0
half_residual__central_full_attention__hbm_lru_recompute,central_full_attention,half_residual,hbm_lru_recompute,human,31997,26952,decode_hbm,3081,1258914755,0.09629027721348876,0.11431433659839715
half_residual__central_full_attention__hbm_lru_recompute,central_full_attention,half_residual,hbm_lru_recompute,human,31997,26952,cpu,0,0,0.0,0.0
half_residual__central_full_attention__hbm_lru_recompute,central_full_attention,half_residual,hbm_lru_recompute,human,31997,26952,ssd,0,0,0.0,0.0
half_residual__central_full_attention__hbm_lru_recompute,central_full_attention,half_residual,hbm_lru_recompute,human,31997,26952,recompute,23871,5284410188,0.7460386911272932,0.8856856634016028
half_residual__central_full_attention__hbm_lru_recompute,central_full_attention,half_residual,hbm_lru_recompute,mixed,3097,2557,decode_hbm,188,44207833,0.06070390700678076,0.07352366053969496
half_residual__central_full_attention__hbm_lru_recompute,central_full_attention,half_residual,hbm_lru_recompute,mixed,3097,2557,cpu,0,0,0.0,0.0
half_residual__central_full_attention__hbm_lru_recompute,central_full_attention,half_residual,hbm_lru_recompute,mixed,3097,2557,ssd,0,0,0.0,0.0
half_residual__central_full_attention__hbm_lru_recompute,central_full_attention,half_residual,hbm_lru_recompute,mixed,3097,2557,recompute,2369,392360301,0.7649338069099129,0.926476339460305
half_residual__central_full_attention__hbm_lru_recompute,central_full_attention,half_residual,hbm_lru_recompute,session_start,4281,0,decode_hbm,0,0,0.0,0.0
half_residual__central_full_attention__hbm_lru_recompute,central_full_attention,half_residual,hbm_lru_recompute,session_start,4281,0,cpu,0,0,0.0,0.0
half_residual__central_full_attention__hbm_lru_recompute,central_full_attention,half_residual,hbm_lru_recompute,session_start,4281,0,ssd,0,0,0.0,0.0
half_residual__central_full_attention__hbm_lru_recompute,central_full_attention,half_residual,hbm_lru_recompute,session_start,4281,0,recompute,0,0,0.0,0.0
half_residual__central_full_attention__hbm_lru_recompute,central_full_attention,half_residual,hbm_lru_recompute,tool,313179,308885,decode_hbm,41195,7335973817,0.13153819381248424,0.13336678699192256
half_residual__central_full_attention__hbm_lru_recompute,central_full_attention,half_residual,hbm_lru_recompute,tool,313179,308885,cpu,0,0,0.0,0.0
half_residual__central_full_attention__hbm_lru_recompute,central_full_attention,half_residual,hbm_lru_recompute,tool,313179,308885,ssd,0,0,0.0,0.0
half_residual__central_full_attention__hbm_lru_recompute,central_full_attention,half_residual,hbm_lru_recompute,tool,313179,308885,recompute,267690,38440728544,0.8547507974672631,0.8666332130080774
half_residual__central_full_attention__hbm_lru_recompute,central_full_attention,half_residual,hbm_lru_recompute,unknown,4607,0,decode_hbm,0,0,0.0,0.0
half_residual__central_full_attention__hbm_lru_recompute,central_full_attention,half_residual,hbm_lru_recompute,unknown,4607,0,cpu,0,0,0.0,0.0
half_residual__central_full_attention__hbm_lru_recompute,central_full_attention,half_residual,hbm_lru_recompute,unknown,4607,0,ssd,0,0,0.0,0.0
half_residual__central_full_attention__hbm_lru_recompute,central_full_attention,half_residual,hbm_lru_recompute,unknown,4607,0,recompute,0,0,0.0,0.0
half_residual__central_full_attention__hbm_ssd_direct,central_full_attention,half_residual,hbm_ssd_direct,human,31997,26952,decode_hbm,7929,3099754119,0.2478044816701566,0.2941896705253785
half_residual__central_full_attention__hbm_ssd_direct,central_full_attention,half_residual,hbm_ssd_direct,human,31997,26952,cpu,0,0,0.0,0.0
half_residual__central_full_attention__hbm_ssd_direct,central_full_attention,half_residual,hbm_ssd_direct,human,31997,26952,ssd,19023,3443570824,0.5945244866706254,0.7058103294746215
half_residual__central_full_attention__hbm_ssd_direct,central_full_attention,half_residual,hbm_ssd_direct,human,31997,26952,recompute,0,0,0.0,0.0
half_residual__central_full_attention__hbm_ssd_direct,central_full_attention,half_residual,hbm_ssd_direct,mixed,3097,2557,decode_hbm,686,150584180,0.22150468195027445,0.268283144309738
half_residual__central_full_attention__hbm_ssd_direct,central_full_attention,half_residual,hbm_ssd_direct,mixed,3097,2557,cpu,0,0,0.0,0.0
half_residual__central_full_attention__hbm_ssd_direct,central_full_attention,half_residual,hbm_ssd_direct,mixed,3097,2557,ssd,1871,285983954,0.6041330319664191,0.731716855690262
half_residual__central_full_attention__hbm_ssd_direct,central_full_attention,half_residual,hbm_ssd_direct,mixed,3097,2557,recompute,0,0,0.0,0.0
half_residual__central_full_attention__hbm_ssd_direct,central_full_attention,half_residual,hbm_ssd_direct,session_start,4281,0,decode_hbm,0,0,0.0,0.0
half_residual__central_full_attention__hbm_ssd_direct,central_full_attention,half_residual,hbm_ssd_direct,session_start,4281,0,cpu,0,0,0.0,0.0
half_residual__central_full_attention__hbm_ssd_direct,central_full_attention,half_residual,hbm_ssd_direct,session_start,4281,0,ssd,0,0,0.0,0.0
half_residual__central_full_attention__hbm_ssd_direct,central_full_attention,half_residual,hbm_ssd_direct,session_start,4281,0,recompute,0,0,0.0,0.0
half_residual__central_full_attention__hbm_ssd_direct,central_full_attention,half_residual,hbm_ssd_direct,tool,313179,308885,decode_hbm,111711,20530303611,0.3567001618882492,0.36165886980591483
half_residual__central_full_attention__hbm_ssd_direct,central_full_attention,half_residual,hbm_ssd_direct,tool,313179,308885,cpu,0,0,0.0,0.0
half_residual__central_full_attention__hbm_ssd_direct,central_full_attention,half_residual,hbm_ssd_direct,tool,313179,308885,ssd,197174,25246398750,0.6295888293914982,0.6383411301940852
half_residual__central_full_attention__hbm_ssd_direct,central_full_attention,half_residual,hbm_ssd_direct,tool,313179,308885,recompute,0,0,0.0,0.0
half_residual__central_full_attention__hbm_ssd_direct,central_full_attention,half_residual,hbm_ssd_direct,unknown,4607,0,decode_hbm,0,0,0.0,0.0
half_residual__central_full_attention__hbm_ssd_direct,central_full_attention,half_residual,hbm_ssd_direct,unknown,4607,0,cpu,0,0,0.0,0.0
half_residual__central_full_attention__hbm_ssd_direct,central_full_attention,half_residual,hbm_ssd_direct,unknown,4607,0,ssd,0,0,0.0,0.0
half_residual__central_full_attention__hbm_ssd_direct,central_full_attention,half_residual,hbm_ssd_direct,unknown,4607,0,recompute,0,0,0.0,0.0
half_residual__central_full_attention__tiered,central_full_attention,half_residual,tiered,human,31997,26952,decode_hbm,8602,3170931673,0.2688377035347064,0.31915998812704066
half_residual__central_full_attention__tiered,central_full_attention,half_residual,tiered,human,31997,26952,cpu,11416,2233648096,0.356783448448292,0.42356782428020184
half_residual__central_full_attention__tiered,central_full_attention,half_residual,tiered,human,31997,26952,ssd,6934,1138745174,0.21670781635778355,0.2572721875927575
half_residual__central_full_attention__tiered,central_full_attention,half_residual,tiered,human,31997,26952,recompute,0,0,0.0,0.0
half_residual__central_full_attention__tiered,central_full_attention,half_residual,tiered,mixed,3097,2557,decode_hbm,902,172388560,0.29124959638359704,0.35275713727023855
half_residual__central_full_attention__tiered,central_full_attention,half_residual,tiered,mixed,3097,2557,cpu,1161,173858296,0.3748789150791088,0.45404771216269063
half_residual__central_full_attention__tiered,central_full_attention,half_residual,tiered,mixed,3097,2557,ssd,494,90321278,0.15950920245398773,0.1931951505670708
half_residual__central_full_attention__tiered,central_full_attention,half_residual,tiered,mixed,3097,2557,recompute,0,0,0.0,0.0
half_residual__central_full_attention__tiered,central_full_attention,half_residual,tiered,session_start,4281,0,decode_hbm,0,0,0.0,0.0
half_residual__central_full_attention__tiered,central_full_attention,half_residual,tiered,session_start,4281,0,cpu,0,0,0.0,0.0
half_residual__central_full_attention__tiered,central_full_attention,half_residual,tiered,session_start,4281,0,ssd,0,0,0.0,0.0
half_residual__central_full_attention__tiered,central_full_attention,half_residual,tiered,session_start,4281,0,recompute,0,0,0.0,0.0
half_residual__central_full_attention__tiered,central_full_attention,half_residual,tiered,tool,313179,308885,decode_hbm,186377,28707841406,0.595113337739759,0.6033863735694515
half_residual__central_full_attention__tiered,central_full_attention,half_residual,tiered,tool,313179,308885,cpu,58410,7804364388,0.18650675811596562,0.1890995030512974
half_residual__central_full_attention__tiered,central_full_attention,half_residual,tiered,tool,313179,308885,ssd,64098,9264496567,0.2046688954240227,0.20751412337925118
half_residual__central_full_attention__tiered,central_full_attention,half_residual,tiered,tool,313179,308885,recompute,0,0,0.0,0.0
half_residual__central_full_attention__tiered,central_full_attention,half_residual,tiered,unknown,4607,0,decode_hbm,0,0,0.0,0.0
half_residual__central_full_attention__tiered,central_full_attention,half_residual,tiered,unknown,4607,0,cpu,0,0,0.0,0.0
half_residual__central_full_attention__tiered,central_full_attention,half_residual,tiered,unknown,4607,0,ssd,0,0,0.0,0.0
half_residual__central_full_attention__tiered,central_full_attention,half_residual,tiered,unknown,4607,0,recompute,0,0,0.0,0.0
half_residual__central_attention_one_third__hbm_lru_recompute,central_attention_one_third,half_residual,hbm_lru_recompute,human,31997,26952,decode_hbm,3926,1485812346,0.1226990030315342,0.1456663698426833
half_residual__central_attention_one_third__hbm_lru_recompute,central_attention_one_third,half_residual,hbm_lru_recompute,human,31997,26952,cpu,0,0,0.0,0.0
half_residual__central_attention_one_third__hbm_lru_recompute,central_attention_one_third,half_residual,hbm_lru_recompute,human,31997,26952,ssd,0,0,0.0,0.0
half_residual__central_attention_one_third__hbm_lru_recompute,central_attention_one_third,half_residual,hbm_lru_recompute,human,31997,26952,recompute,23026,5057512597,0.7196299653092477,0.8543336301573167
half_residual__central_attention_one_third__hbm_lru_recompute,central_attention_one_third,half_residual,hbm_lru_recompute,mixed,3097,2557,decode_hbm,249,51123719,0.08040038747174685,0.0973797418850215
half_residual__central_attention_one_third__hbm_lru_recompute,central_attention_one_third,half_residual,hbm_lru_recompute,mixed,3097,2557,cpu,0,0,0.0,0.0
half_residual__central_attention_one_third__hbm_lru_recompute,central_attention_one_third,half_residual,hbm_lru_recompute,mixed,3097,2557,ssd,0,0,0.0,0.0
half_residual__central_attention_one_third__hbm_lru_recompute,central_attention_one_third,half_residual,hbm_lru_recompute,mixed,3097,2557,recompute,2308,385444415,0.7452373264449467,0.9026202581149785
half_residual__central_attention_one_third__hbm_lru_recompute,central_attention_one_third,half_residual,hbm_lru_recompute,session_start,4281,0,decode_hbm,0,0,0.0,0.0
half_residual__central_attention_one_third__hbm_lru_recompute,central_attention_one_third,half_residual,hbm_lru_recompute,session_start,4281,0,cpu,0,0,0.0,0.0
half_residual__central_attention_one_third__hbm_lru_recompute,central_attention_one_third,half_residual,hbm_lru_recompute,session_start,4281,0,ssd,0,0,0.0,0.0
half_residual__central_attention_one_third__hbm_lru_recompute,central_attention_one_third,half_residual,hbm_lru_recompute,session_start,4281,0,recompute,0,0,0.0,0.0
half_residual__central_attention_one_third__hbm_lru_recompute,central_attention_one_third,half_residual,hbm_lru_recompute,tool,313179,308885,decode_hbm,48131,8532207747,0.15368527263960866,0.15582174595723328
half_residual__central_attention_one_third__hbm_lru_recompute,central_attention_one_third,half_residual,hbm_lru_recompute,tool,313179,308885,cpu,0,0,0.0,0.0
half_residual__central_attention_one_third__hbm_lru_recompute,central_attention_one_third,half_residual,hbm_lru_recompute,tool,313179,308885,ssd,0,0,0.0,0.0
half_residual__central_attention_one_third__hbm_lru_recompute,central_attention_one_third,half_residual,hbm_lru_recompute,tool,313179,308885,recompute,260754,37244494614,0.8326037186401387,0.8441782540427667
half_residual__central_attention_one_third__hbm_lru_recompute,central_attention_one_third,half_residual,hbm_lru_recompute,unknown,4607,0,decode_hbm,0,0,0.0,0.0
half_residual__central_attention_one_third__hbm_lru_recompute,central_attention_one_third,half_residual,hbm_lru_recompute,unknown,4607,0,cpu,0,0,0.0,0.0
half_residual__central_attention_one_third__hbm_lru_recompute,central_attention_one_third,half_residual,hbm_lru_recompute,unknown,4607,0,ssd,0,0,0.0,0.0
half_residual__central_attention_one_third__hbm_lru_recompute,central_attention_one_third,half_residual,hbm_lru_recompute,unknown,4607,0,recompute,0,0,0.0,0.0
half_residual__central_attention_one_third__hbm_ssd_direct,central_attention_one_third,half_residual,hbm_ssd_direct,human,31997,26952,decode_hbm,8041,3127081405,0.2513048098259212,0.2983452062926685
half_residual__central_attention_one_third__hbm_ssd_direct,central_attention_one_third,half_residual,hbm_ssd_direct,human,31997,26952,cpu,0,0,0.0,0.0
half_residual__central_attention_one_third__hbm_ssd_direct,central_attention_one_third,half_residual,hbm_ssd_direct,human,31997,26952,ssd,18911,3416243538,0.5910241585148608,0.7016547937073315
half_residual__central_attention_one_third__hbm_ssd_direct,central_attention_one_third,half_residual,hbm_ssd_direct,human,31997,26952,recompute,0,0,0.0,0.0
half_residual__central_attention_one_third__hbm_ssd_direct,central_attention_one_third,half_residual,hbm_ssd_direct,mixed,3097,2557,decode_hbm,722,157427492,0.2331288343558282,0.28236214313648805
half_residual__central_attention_one_third__hbm_ssd_direct,central_attention_one_third,half_residual,hbm_ssd_direct,mixed,3097,2557,cpu,0,0,0.0,0.0
half_residual__central_attention_one_third__hbm_ssd_direct,central_attention_one_third,half_residual,hbm_ssd_direct,mixed,3097,2557,ssd,1835,279140642,0.5925088795608654,0.7176378568635119
half_residual__central_attention_one_third__hbm_ssd_direct,central_attention_one_third,half_residual,hbm_ssd_direct,mixed,3097,2557,recompute,0,0,0.0,0.0
half_residual__central_attention_one_third__hbm_ssd_direct,central_attention_one_third,half_residual,hbm_ssd_direct,session_start,4281,0,decode_hbm,0,0,0.0,0.0
half_residual__central_attention_one_third__hbm_ssd_direct,central_attention_one_third,half_residual,hbm_ssd_direct,session_start,4281,0,cpu,0,0,0.0,0.0
half_residual__central_attention_one_third__hbm_ssd_direct,central_attention_one_third,half_residual,hbm_ssd_direct,session_start,4281,0,ssd,0,0,0.0,0.0
half_residual__central_attention_one_third__hbm_ssd_direct,central_attention_one_third,half_residual,hbm_ssd_direct,session_start,4281,0,recompute,0,0,0.0,0.0
half_residual__central_attention_one_third__hbm_ssd_direct,central_attention_one_third,half_residual,hbm_ssd_direct,tool,313179,308885,decode_hbm,115313,21209541317,0.3682015716251728,0.3733201676999531
half_residual__central_attention_one_third__hbm_ssd_direct,central_attention_one_third,half_residual,hbm_ssd_direct,tool,313179,308885,cpu,0,0,0.0,0.0
half_residual__central_attention_one_third__hbm_ssd_direct,central_attention_one_third,half_residual,hbm_ssd_direct,tool,313179,308885,ssd,193572,24567161044,0.6180874196545746,0.626679832300047
half_residual__central_attention_one_third__hbm_ssd_direct,central_attention_one_third,half_residual,hbm_ssd_direct,tool,313179,308885,recompute,0,0,0.0,0.0
half_residual__central_attention_one_third__hbm_ssd_direct,central_attention_one_third,half_residual,hbm_ssd_direct,unknown,4607,0,decode_hbm,0,0,0.0,0.0
half_residual__central_attention_one_third__hbm_ssd_direct,central_attention_one_third,half_residual,hbm_ssd_direct,unknown,4607,0,cpu,0,0,0.0,0.0
half_residual__central_attention_one_third__hbm_ssd_direct,central_attention_one_third,half_residual,hbm_ssd_direct,unknown,4607,0,ssd,0,0,0.0,0.0
half_residual__central_attention_one_third__hbm_ssd_direct,central_attention_one_third,half_residual,hbm_ssd_direct,unknown,4607,0,recompute,0,0,0.0,0.0
half_residual__central_attention_one_third__tiered,central_attention_one_third,half_residual,tiered,human,31997,26952,decode_hbm,9203,3285050789,0.28762071444197895,0.34145888987830214
half_residual__central_attention_one_third__tiered,central_attention_one_third,half_residual,tiered,human,31997,26952,cpu,11270,2201581213,0.35222052067381315,0.418150786583556
half_residual__central_attention_one_third__tiered,central_attention_one_third,half_residual,tiered,human,31997,26952,ssd,6479,1056692941,0.20248773322498984,0.24039032353814188
half_residual__central_attention_one_third__tiered,central_attention_one_third,half_residual,tiered,human,31997,26952,recompute,0,0,0.0,0.0
half_residual__central_attention_one_third__tiered,central_attention_one_third,half_residual,tiered,mixed,3097,2557,decode_hbm,1027,192021974,0.3316112366806587,0.40164254986312087
half_residual__central_attention_one_third__tiered,central_attention_one_third,half_residual,tiered,mixed,3097,2557,cpu,1100,164695082,0.35518243461414273,0.4301916308173641
half_residual__central_attention_one_third__tiered,central_attention_one_third,half_residual,tiered,mixed,3097,2557,ssd,430,79851078,0.13884404262189215,0.16816581931951505
half_residual__central_attention_one_third__tiered,central_attention_one_third,half_residual,tiered,mixed,3097,2557,recompute,0,0,0.0,0.0
half_residual__central_attention_one_third__tiered,central_attention_one_third,half_residual,tiered,session_start,4281,0,decode_hbm,0,0,0.0,0.0
half_residual__central_attention_one_third__tiered,central_attention_one_third,half_residual,tiered,session_start,4281,0,cpu,0,0,0.0,0.0
half_residual__central_attention_one_third__tiered,central_attention_one_third,half_residual,tiered,session_start,4281,0,ssd,0,0,0.0,0.0
half_residual__central_attention_one_third__tiered,central_attention_one_third,half_residual,tiered,session_start,4281,0,recompute,0,0,0.0,0.0
half_residual__central_attention_one_third__tiered,central_attention_one_third,half_residual,tiered,tool,313179,308885,decode_hbm,204750,31236485589,0.6537794679719905,0.6628680576913738
half_residual__central_attention_one_third__tiered,central_attention_one_third,half_residual,tiered,tool,313179,308885,cpu,49207,6489650813,0.1571210074749584,0.15930524305162116
half_residual__central_attention_one_third__tiered,central_attention_one_third,half_residual,tiered,tool,313179,308885,ssd,54928,8050565959,0.1753885158327985,0.17782669925700503
half_residual__central_attention_one_third__tiered,central_attention_one_third,half_residual,tiered,tool,313179,308885,recompute,0,0,0.0,0.0
half_residual__central_attention_one_third__tiered,central_attention_one_third,half_residual,tiered,unknown,4607,0,decode_hbm,0,0,0.0,0.0
half_residual__central_attention_one_third__tiered,central_attention_one_third,half_residual,tiered,unknown,4607,0,cpu,0,0,0.0,0.0
half_residual__central_attention_one_third__tiered,central_attention_one_third,half_residual,tiered,unknown,4607,0,ssd,0,0,0.0,0.0
half_residual__central_attention_one_third__tiered,central_attention_one_third,half_residual,tiered,unknown,4607,0,recompute,0,0,0.0,0.0
half_residual__fast_full_attention__hbm_lru_recompute,fast_full_attention,half_residual,hbm_lru_recompute,human,31997,26952,decode_hbm,3341,1307284556,0.10441603900365659,0.1239611160581775
half_residual__fast_full_attention__hbm_lru_recompute,fast_full_attention,half_residual,hbm_lru_recompute,human,31997,26952,cpu,0,0,0.0,0.0
half_residual__fast_full_attention__hbm_lru_recompute,fast_full_attention,half_residual,hbm_lru_recompute,human,31997,26952,ssd,0,0,0.0,0.0
half_residual__fast_full_attention__hbm_lru_recompute,fast_full_attention,half_residual,hbm_lru_recompute,human,31997,26952,recompute,23611,5236040387,0.7379129293371254,0.8760388839418225
half_residual__fast_full_attention__hbm_lru_recompute,fast_full_attention,half_residual,hbm_lru_recompute,mixed,3097,2557,decode_hbm,218,47504127,0.07039070067807555,0.0852561595619867
half_residual__fast_full_attention__hbm_lru_recompute,fast_full_attention,half_residual,hbm_lru_recompute,mixed,3097,2557,cpu,0,0,0.0,0.0
half_residual__fast_full_attention__hbm_lru_recompute,fast_full_attention,half_residual,hbm_lru_recompute,mixed,3097,2557,ssd,0,0,0.0,0.0
half_residual__fast_full_attention__hbm_lru_recompute,fast_full_attention,half_residual,hbm_lru_recompute,mixed,3097,2557,recompute,2339,389064007,0.755247013238618,0.9147438404380133
half_residual__fast_full_attention__hbm_lru_recompute,fast_full_attention,half_residual,hbm_lru_recompute,session_start,4281,0,decode_hbm,0,0,0.0,0.0
half_residual__fast_full_attention__hbm_lru_recompute,fast_full_attention,half_residual,hbm_lru_recompute,session_start,4281,0,cpu,0,0,0.0,0.0
half_residual__fast_full_attention__hbm_lru_recompute,fast_full_attention,half_residual,hbm_lru_recompute,session_start,4281,0,ssd,0,0,0.0,0.0
half_residual__fast_full_attention__hbm_lru_recompute,fast_full_attention,half_residual,hbm_lru_recompute,session_start,4281,0,recompute,0,0,0.0,0.0
half_residual__fast_full_attention__hbm_lru_recompute,fast_full_attention,half_residual,hbm_lru_recompute,tool,313179,308885,decode_hbm,45214,7820415046,0.14437111045121162,0.14637810188257766
half_residual__fast_full_attention__hbm_lru_recompute,fast_full_attention,half_residual,hbm_lru_recompute,tool,313179,308885,cpu,0,0,0.0,0.0
half_residual__fast_full_attention__hbm_lru_recompute,fast_full_attention,half_residual,hbm_lru_recompute,tool,313179,308885,ssd,0,0,0.0,0.0
half_residual__fast_full_attention__hbm_lru_recompute,fast_full_attention,half_residual,hbm_lru_recompute,tool,313179,308885,recompute,263671,37956287315,0.8419178808285358,0.8536218981174224
half_residual__fast_full_attention__hbm_lru_recompute,fast_full_attention,half_residual,hbm_lru_recompute,unknown,4607,0,decode_hbm,0,0,0.0,0.0
half_residual__fast_full_attention__hbm_lru_recompute,fast_full_attention,half_residual,hbm_lru_recompute,unknown,4607,0,cpu,0,0,0.0,0.0
half_residual__fast_full_attention__hbm_lru_recompute,fast_full_attention,half_residual,hbm_lru_recompute,unknown,4607,0,ssd,0,0,0.0,0.0
half_residual__fast_full_attention__hbm_lru_recompute,fast_full_attention,half_residual,hbm_lru_recompute,unknown,4607,0,recompute,0,0,0.0,0.0
half_residual__fast_full_attention__hbm_ssd_direct,fast_full_attention,half_residual,hbm_ssd_direct,human,31997,26952,decode_hbm,7992,3114780843,0.24977341625777416,0.2965271593944791
half_residual__fast_full_attention__hbm_ssd_direct,fast_full_attention,half_residual,hbm_ssd_direct,human,31997,26952,cpu,0,0,0.0,0.0
half_residual__fast_full_attention__hbm_ssd_direct,fast_full_attention,half_residual,hbm_ssd_direct,human,31997,26952,ssd,18960,3428544100,0.5925555520830078,0.703472840605521
half_residual__fast_full_attention__hbm_ssd_direct,fast_full_attention,half_residual,hbm_ssd_direct,human,31997,26952,recompute,0,0,0.0,0.0
half_residual__fast_full_attention__hbm_ssd_direct,fast_full_attention,half_residual,hbm_ssd_direct,mixed,3097,2557,decode_hbm,695,148188025,0.2244107200516629,0.2718028940164255
half_residual__fast_full_attention__hbm_ssd_direct,fast_full_attention,half_residual,hbm_ssd_direct,mixed,3097,2557,cpu,0,0,0.0,0.0
half_residual__fast_full_attention__hbm_ssd_direct,fast_full_attention,half_residual,hbm_ssd_direct,mixed,3097,2557,ssd,1862,288380109,0.6012269938650306,0.7281971059835745
half_residual__fast_full_attention__hbm_ssd_direct,fast_full_attention,half_residual,hbm_ssd_direct,mixed,3097,2557,recompute,0,0,0.0,0.0
half_residual__fast_full_attention__hbm_ssd_direct,fast_full_attention,half_residual,hbm_ssd_direct,session_start,4281,0,decode_hbm,0,0,0.0,0.0
half_residual__fast_full_attention__hbm_ssd_direct,fast_full_attention,half_residual,hbm_ssd_direct,session_start,4281,0,cpu,0,0,0.0,0.0
half_residual__fast_full_attention__hbm_ssd_direct,fast_full_attention,half_residual,hbm_ssd_direct,session_start,4281,0,ssd,0,0,0.0,0.0
half_residual__fast_full_attention__hbm_ssd_direct,fast_full_attention,half_residual,hbm_ssd_direct,session_start,4281,0,recompute,0,0,0.0,0.0
half_residual__fast_full_attention__hbm_ssd_direct,fast_full_attention,half_residual,hbm_ssd_direct,tool,313179,308885,decode_hbm,113043,20798881108,0.3609533206249461,0.36597115431309385
half_residual__fast_full_attention__hbm_ssd_direct,fast_full_attention,half_residual,hbm_ssd_direct,tool,313179,308885,cpu,0,0,0.0,0.0
half_residual__fast_full_attention__hbm_ssd_direct,fast_full_attention,half_residual,hbm_ssd_direct,tool,313179,308885,ssd,195842,24977821253,0.6253356706548012,0.6340288456869061
half_residual__fast_full_attention__hbm_ssd_direct,fast_full_attention,half_residual,hbm_ssd_direct,tool,313179,308885,recompute,0,0,0.0,0.0
half_residual__fast_full_attention__hbm_ssd_direct,fast_full_attention,half_residual,hbm_ssd_direct,unknown,4607,0,decode_hbm,0,0,0.0,0.0
half_residual__fast_full_attention__hbm_ssd_direct,fast_full_attention,half_residual,hbm_ssd_direct,unknown,4607,0,cpu,0,0,0.0,0.0
half_residual__fast_full_attention__hbm_ssd_direct,fast_full_attention,half_residual,hbm_ssd_direct,unknown,4607,0,ssd,0,0,0.0,0.0
half_residual__fast_full_attention__hbm_ssd_direct,fast_full_attention,half_residual,hbm_ssd_direct,unknown,4607,0,recompute,0,0,0.0,0.0
half_residual__fast_full_attention__tiered,fast_full_attention,half_residual,tiered,human,31997,26952,decode_hbm,8939,3241585042,0.2793699409319624,0.3316636984268329
half_residual__fast_full_attention__tiered,fast_full_attention,half_residual,tiered,human,31997,26952,cpu,11377,2215043862,0.35556458417976683,0.4221208073612348
half_residual__fast_full_attention__tiered,fast_full_attention,half_residual,tiered,human,31997,26952,ssd,6636,1086696039,0.20739444322905273,0.2462154942119323
half_residual__fast_full_attention__tiered,fast_full_attention,half_residual,tiered,human,31997,26952,recompute,0,0,0.0,0.0
half_residual__fast_full_attention__tiered,fast_full_attention,half_residual,tiered,mixed,3097,2557,decode_hbm,975,185341964,0.31482079431708104,0.3813062182244818
half_residual__fast_full_attention__tiered,fast_full_attention,half_residual,tiered,mixed,3097,2557,cpu,1138,168734889,0.36745237326444946,0.4450527962456003
half_residual__fast_full_attention__tiered,fast_full_attention,half_residual,tiered,mixed,3097,2557,ssd,444,82491281,0.14336454633516307,0.17364098552991789
half_residual__fast_full_attention__tiered,fast_full_attention,half_residual,tiered,mixed,3097,2557,recompute,0,0,0.0,0.0
half_residual__fast_full_attention__tiered,fast_full_attention,half_residual,tiered,session_start,4281,0,decode_hbm,0,0,0.0,0.0
half_residual__fast_full_attention__tiered,fast_full_attention,half_residual,tiered,session_start,4281,0,cpu,0,0,0.0,0.0
half_residual__fast_full_attention__tiered,fast_full_attention,half_residual,tiered,session_start,4281,0,ssd,0,0,0.0,0.0
half_residual__fast_full_attention__tiered,fast_full_attention,half_residual,tiered,session_start,4281,0,recompute,0,0,0.0,0.0
half_residual__fast_full_attention__tiered,fast_full_attention,half_residual,tiered,tool,313179,308885,decode_hbm,197757,30258113326,0.6314503846043317,0.6402285640286838
half_residual__fast_full_attention__tiered,fast_full_attention,half_residual,tiered,tool,313179,308885,cpu,52949,7038637681,0.16906944590793124,0.17141978406202957
half_residual__fast_full_attention__tiered,fast_full_attention,half_residual,tiered,tool,313179,308885,ssd,58179,8479951354,0.1857691607674844,0.18835165190928663
half_residual__fast_full_attention__tiered,fast_full_attention,half_residual,tiered,tool,313179,308885,recompute,0,0,0.0,0.0
half_residual__fast_full_attention__tiered,fast_full_attention,half_residual,tiered,unknown,4607,0,decode_hbm,0,0,0.0,0.0
half_residual__fast_full_attention__tiered,fast_full_attention,half_residual,tiered,unknown,4607,0,cpu,0,0,0.0,0.0
half_residual__fast_full_attention__tiered,fast_full_attention,half_residual,tiered,unknown,4607,0,ssd,0,0,0.0,0.0
half_residual__fast_full_attention__tiered,fast_full_attention,half_residual,tiered,unknown,4607,0,recompute,0,0,0.0,0.0
half_residual__slow_full_attention__hbm_lru_recompute,slow_full_attention,half_residual,hbm_lru_recompute,human,31997,26952,decode_hbm,2937,1223608975,0.09178985529893427,0.10897150489759573
half_residual__slow_full_attention__hbm_lru_recompute,slow_full_attention,half_residual,hbm_lru_recompute,human,31997,26952,cpu,0,0,0.0,0.0
half_residual__slow_full_attention__hbm_lru_recompute,slow_full_attention,half_residual,hbm_lru_recompute,human,31997,26952,ssd,0,0,0.0,0.0
half_residual__slow_full_attention__hbm_lru_recompute,slow_full_attention,half_residual,hbm_lru_recompute,human,31997,26952,recompute,24015,5319715968,0.7505391130418477,0.8910284951024042
half_residual__slow_full_attention__hbm_lru_recompute,slow_full_attention,half_residual,hbm_lru_recompute,mixed,3097,2557,decode_hbm,180,42968773,0.05812076202776881,0.07039499413375049
half_residual__slow_full_attention__hbm_lru_recompute,slow_full_attention,half_residual,hbm_lru_recompute,mixed,3097,2557,cpu,0,0,0.0,0.0
half_residual__slow_full_attention__hbm_lru_recompute,slow_full_attention,half_residual,hbm_lru_recompute,mixed,3097,2557,ssd,0,0,0.0,0.0
half_residual__slow_full_attention__hbm_lru_recompute,slow_full_attention,half_residual,hbm_lru_recompute,mixed,3097,2557,recompute,2377,393599361,0.7675169518889248,0.9296050058662495
half_residual__slow_full_attention__hbm_lru_recompute,slow_full_attention,half_residual,hbm_lru_recompute,session_start,4281,0,decode_hbm,0,0,0.0,0.0
half_residual__slow_full_attention__hbm_lru_recompute,slow_full_attention,half_residual,hbm_lru_recompute,session_start,4281,0,cpu,0,0,0.0,0.0
half_residual__slow_full_attention__hbm_lru_recompute,slow_full_attention,half_residual,hbm_lru_recompute,session_start,4281,0,ssd,0,0,0.0,0.0
half_residual__slow_full_attention__hbm_lru_recompute,slow_full_attention,half_residual,hbm_lru_recompute,session_start,4281,0,recompute,0,0,0.0,0.0
half_residual__slow_full_attention__hbm_lru_recompute,slow_full_attention,half_residual,hbm_lru_recompute,tool,313179,308885,decode_hbm,38880,7068806792,0.12414625501709885,0.12587208831765867
half_residual__slow_full_attention__hbm_lru_recompute,slow_full_attention,half_residual,hbm_lru_recompute,tool,313179,308885,cpu,0,0,0.0,0.0
half_residual__slow_full_attention__hbm_lru_recompute,slow_full_attention,half_residual,hbm_lru_recompute,tool,313179,308885,ssd,0,0,0.0,0.0
half_residual__slow_full_attention__hbm_lru_recompute,slow_full_attention,half_residual,hbm_lru_recompute,tool,313179,308885,recompute,270005,38707895569,0.8621427362626485,0.8741279116823413
half_residual__slow_full_attention__hbm_lru_recompute,slow_full_attention,half_residual,hbm_lru_recompute,unknown,4607,0,decode_hbm,0,0,0.0,0.0
half_residual__slow_full_attention__hbm_lru_recompute,slow_full_attention,half_residual,hbm_lru_recompute,unknown,4607,0,cpu,0,0,0.0,0.0
half_residual__slow_full_attention__hbm_lru_recompute,slow_full_attention,half_residual,hbm_lru_recompute,unknown,4607,0,ssd,0,0,0.0,0.0
half_residual__slow_full_attention__hbm_lru_recompute,slow_full_attention,half_residual,hbm_lru_recompute,unknown,4607,0,recompute,0,0,0.0,0.0
half_residual__slow_full_attention__hbm_ssd_direct,slow_full_attention,half_residual,hbm_ssd_direct,human,31997,26952,decode_hbm,7814,3056516952,0.24421039472450543,0.28992282576432177
half_residual__slow_full_attention__hbm_ssd_direct,slow_full_attention,half_residual,hbm_ssd_direct,human,31997,26952,cpu,0,0,0.0,0.0
half_residual__slow_full_attention__hbm_ssd_direct,slow_full_attention,half_residual,hbm_ssd_direct,human,31997,26952,ssd,19138,3486807991,0.5981185736162765,0.7100771742356783
half_residual__slow_full_attention__hbm_ssd_direct,slow_full_attention,half_residual,hbm_ssd_direct,human,31997,26952,recompute,0,0,0.0,0.0
half_residual__slow_full_attention__hbm_ssd_direct,slow_full_attention,half_residual,hbm_ssd_direct,mixed,3097,2557,decode_hbm,661,140013657,0.21343235389086213,0.25850606179116153
half_residual__slow_full_attention__hbm_ssd_direct,slow_full_attention,half_residual,hbm_ssd_direct,mixed,3097,2557,cpu,0,0,0.0,0.0
half_residual__slow_full_attention__hbm_ssd_direct,slow_full_attention,half_residual,hbm_ssd_direct,mixed,3097,2557,ssd,1896,296554477,0.6122053600258315,0.7414939382088385
half_residual__slow_full_attention__hbm_ssd_direct,slow_full_attention,half_residual,hbm_ssd_direct,mixed,3097,2557,recompute,0,0,0.0,0.0
half_residual__slow_full_attention__hbm_ssd_direct,slow_full_attention,half_residual,hbm_ssd_direct,session_start,4281,0,decode_hbm,0,0,0.0,0.0
half_residual__slow_full_attention__hbm_ssd_direct,slow_full_attention,half_residual,hbm_ssd_direct,session_start,4281,0,cpu,0,0,0.0,0.0
half_residual__slow_full_attention__hbm_ssd_direct,slow_full_attention,half_residual,hbm_ssd_direct,session_start,4281,0,ssd,0,0,0.0,0.0
half_residual__slow_full_attention__hbm_ssd_direct,slow_full_attention,half_residual,hbm_ssd_direct,session_start,4281,0,recompute,0,0,0.0,0.0
half_residual__slow_full_attention__hbm_ssd_direct,slow_full_attention,half_residual,hbm_ssd_direct,tool,313179,308885,decode_hbm,110631,20295165934,0.35325165480444093,0.3581624229082021
half_residual__slow_full_attention__hbm_ssd_direct,slow_full_attention,half_residual,hbm_ssd_direct,tool,313179,308885,cpu,0,0,0.0,0.0
half_residual__slow_full_attention__hbm_ssd_direct,slow_full_attention,half_residual,hbm_ssd_direct,tool,313179,308885,ssd,198254,25481536427,0.6330373364753065,0.6418375770917979
half_residual__slow_full_attention__hbm_ssd_direct,slow_full_attention,half_residual,hbm_ssd_direct,tool,313179,308885,recompute,0,0,0.0,0.0
half_residual__slow_full_attention__hbm_ssd_direct,slow_full_attention,half_residual,hbm_ssd_direct,unknown,4607,0,decode_hbm,0,0,0.0,0.0
half_residual__slow_full_attention__hbm_ssd_direct,slow_full_attention,half_residual,hbm_ssd_direct,unknown,4607,0,cpu,0,0,0.0,0.0
half_residual__slow_full_attention__hbm_ssd_direct,slow_full_attention,half_residual,hbm_ssd_direct,unknown,4607,0,ssd,0,0,0.0,0.0
half_residual__slow_full_attention__hbm_ssd_direct,slow_full_attention,half_residual,hbm_ssd_direct,unknown,4607,0,recompute,0,0,0.0,0.0
half_residual__slow_full_attention__tiered,slow_full_attention,half_residual,tiered,human,31997,26952,decode_hbm,8488,3136814304,0.2652748695190174,0.3149302463639062
half_residual__slow_full_attention__tiered,slow_full_attention,half_residual,tiered,human,31997,26952,cpu,11795,2326753491,0.36862830890395976,0.4376298604927278
half_residual__slow_full_attention__tiered,slow_full_attention,half_residual,tiered,human,31997,26952,ssd,6669,1079757148,0.2084257899178048,0.24743989314336598
half_residual__slow_full_attention__tiered,slow_full_attention,half_residual,tiered,human,31997,26952,recompute,0,0,0.0,0.0
half_residual__slow_full_attention__tiered,slow_full_attention,half_residual,tiered,mixed,3097,2557,decode_hbm,897,171707965,0.28963513077171454,0.3508017207665233
half_residual__slow_full_attention__tiered,slow_full_attention,half_residual,tiered,mixed,3097,2557,cpu,1214,183309622,0.391992250565063,0.47477512710207276
half_residual__slow_full_attention__tiered,slow_full_attention,half_residual,tiered,mixed,3097,2557,ssd,446,81550547,0.14401033257991605,0.174423152131404
half_residual__slow_full_attention__tiered,slow_full_attention,half_residual,tiered,mixed,3097,2557,recompute,0,0,0.0,0.0
half_residual__slow_full_attention__tiered,slow_full_attention,half_residual,tiered,session_start,4281,0,decode_hbm,0,0,0.0,0.0
half_residual__slow_full_attention__tiered,slow_full_attention,half_residual,tiered,session_start,4281,0,cpu,0,0,0.0,0.0
half_residual__slow_full_attention__tiered,slow_full_attention,half_residual,tiered,session_start,4281,0,ssd,0,0,0.0,0.0
half_residual__slow_full_attention__tiered,slow_full_attention,half_residual,tiered,session_start,4281,0,recompute,0,0,0.0,0.0
half_residual__slow_full_attention__tiered,slow_full_attention,half_residual,tiered,tool,313179,308885,decode_hbm,183301,28463041289,0.5852914786751346,0.5934279748126325
half_residual__slow_full_attention__tiered,slow_full_attention,half_residual,tiered,tool,313179,308885,cpu,66878,8973803212,0.21354560810271442,0.21651423669003028
half_residual__slow_full_attention__tiered,slow_full_attention,half_residual,tiered,tool,313179,308885,ssd,58706,8339857860,0.18745190450189828,0.1900577884973372
half_residual__slow_full_attention__tiered,slow_full_attention,half_residual,tiered,tool,313179,308885,recompute,0,0,0.0,0.0
half_residual__slow_full_attention__tiered,slow_full_attention,half_residual,tiered,unknown,4607,0,decode_hbm,0,0,0.0,0.0
half_residual__slow_full_attention__tiered,slow_full_attention,half_residual,tiered,unknown,4607,0,cpu,0,0,0.0,0.0
half_residual__slow_full_attention__tiered,slow_full_attention,half_residual,tiered,unknown,4607,0,ssd,0,0,0.0,0.0
half_residual__slow_full_attention__tiered,slow_full_attention,half_residual,tiered,unknown,4607,0,recompute,0,0,0.0,0.0
full_residual__central_full_attention__hbm_lru_recompute,central_full_attention,full_residual,hbm_lru_recompute,human,31997,26952,decode_hbm,2619,1056990306,0.08185142357095977,0.09717275155832591
full_residual__central_full_attention__hbm_lru_recompute,central_full_attention,full_residual,hbm_lru_recompute,human,31997,26952,cpu,0,0,0.0,0.0
full_residual__central_full_attention__hbm_lru_recompute,central_full_attention,full_residual,hbm_lru_recompute,human,31997,26952,ssd,0,0,0.0,0.0
full_residual__central_full_attention__hbm_lru_recompute,central_full_attention,full_residual,hbm_lru_recompute,human,31997,26952,recompute,24333,5486334637,0.7604775447698222,0.9028272484416741
full_residual__central_full_attention__hbm_lru_recompute,central_full_attention,full_residual,hbm_lru_recompute,mixed,3097,2557,decode_hbm,174,39438343,0.05618340329350985,0.06804849432929214
full_residual__central_full_attention__hbm_lru_recompute,central_full_attention,full_residual,hbm_lru_recompute,mixed,3097,2557,cpu,0,0,0.0,0.0
full_residual__central_full_attention__hbm_lru_recompute,central_full_attention,full_residual,hbm_lru_recompute,mixed,3097,2557,ssd,0,0,0.0,0.0
full_residual__central_full_attention__hbm_lru_recompute,central_full_attention,full_residual,hbm_lru_recompute,mixed,3097,2557,recompute,2383,397129791,0.7694543106231837,0.9319515056707078
full_residual__central_full_attention__hbm_lru_recompute,central_full_attention,full_residual,hbm_lru_recompute,session_start,4281,0,decode_hbm,0,0,0.0,0.0
full_residual__central_full_attention__hbm_lru_recompute,central_full_attention,full_residual,hbm_lru_recompute,session_start,4281,0,cpu,0,0,0.0,0.0
full_residual__central_full_attention__hbm_lru_recompute,central_full_attention,full_residual,hbm_lru_recompute,session_start,4281,0,ssd,0,0,0.0,0.0
full_residual__central_full_attention__hbm_lru_recompute,central_full_attention,full_residual,hbm_lru_recompute,session_start,4281,0,recompute,0,0,0.0,0.0
full_residual__central_full_attention__hbm_lru_recompute,central_full_attention,full_residual,hbm_lru_recompute,tool,313179,308885,decode_hbm,39518,7027088366,0.12618342864623747,0.12793758194797417
full_residual__central_full_attention__hbm_lru_recompute,central_full_attention,full_residual,hbm_lru_recompute,tool,313179,308885,cpu,0,0,0.0,0.0
full_residual__central_full_attention__hbm_lru_recompute,central_full_attention,full_residual,hbm_lru_recompute,tool,313179,308885,ssd,0,0,0.0,0.0
full_residual__central_full_attention__hbm_lru_recompute,central_full_attention,full_residual,hbm_lru_recompute,tool,313179,308885,recompute,269367,38749613995,0.8601055626335099,0.8720624180520259
full_residual__central_full_attention__hbm_lru_recompute,central_full_attention,full_residual,hbm_lru_recompute,unknown,4607,0,decode_hbm,0,0,0.0,0.0
full_residual__central_full_attention__hbm_lru_recompute,central_full_attention,full_residual,hbm_lru_recompute,unknown,4607,0,cpu,0,0,0.0,0.0
full_residual__central_full_attention__hbm_lru_recompute,central_full_attention,full_residual,hbm_lru_recompute,unknown,4607,0,ssd,0,0,0.0,0.0
full_residual__central_full_attention__hbm_lru_recompute,central_full_attention,full_residual,hbm_lru_recompute,unknown,4607,0,recompute,0,0,0.0,0.0
full_residual__central_full_attention__hbm_ssd_direct,central_full_attention,full_residual,hbm_ssd_direct,human,31997,26952,decode_hbm,7083,2741193480,0.22136450292214896,0.2628005342831701
full_residual__central_full_attention__hbm_ssd_direct,central_full_attention,full_residual,hbm_ssd_direct,human,31997,26952,cpu,0,0,0.0,0.0
full_residual__central_full_attention__hbm_ssd_direct,central_full_attention,full_residual,hbm_ssd_direct,human,31997,26952,ssd,19869,3802131463,0.620964465418633,0.7371994657168299
full_residual__central_full_attention__hbm_ssd_direct,central_full_attention,full_residual,hbm_ssd_direct,human,31997,26952,recompute,0,0,0.0,0.0
full_residual__central_full_attention__hbm_ssd_direct,central_full_attention,full_residual,hbm_ssd_direct,mixed,3097,2557,decode_hbm,608,128037113,0.19631901840490798,0.23777864685177943
full_residual__central_full_attention__hbm_ssd_direct,central_full_attention,full_residual,hbm_ssd_direct,mixed,3097,2557,cpu,0,0,0.0,0.0
full_residual__central_full_attention__hbm_ssd_direct,central_full_attention,full_residual,hbm_ssd_direct,mixed,3097,2557,ssd,1949,308531021,0.6293186955117857,0.7622213531482206
full_residual__central_full_attention__hbm_ssd_direct,central_full_attention,full_residual,hbm_ssd_direct,mixed,3097,2557,recompute,0,0,0.0,0.0
full_residual__central_full_attention__hbm_ssd_direct,central_full_attention,full_residual,hbm_ssd_direct,session_start,4281,0,decode_hbm,0,0,0.0,0.0
full_residual__central_full_attention__hbm_ssd_direct,central_full_attention,full_residual,hbm_ssd_direct,session_start,4281,0,cpu,0,0,0.0,0.0
full_residual__central_full_attention__hbm_ssd_direct,central_full_attention,full_residual,hbm_ssd_direct,session_start,4281,0,ssd,0,0,0.0,0.0
full_residual__central_full_attention__hbm_ssd_direct,central_full_attention,full_residual,hbm_ssd_direct,session_start,4281,0,recompute,0,0,0.0,0.0
full_residual__central_full_attention__hbm_ssd_direct,central_full_attention,full_residual,hbm_ssd_direct,tool,313179,308885,decode_hbm,104177,19185992742,0.33264363191657165,0.3372679152435372
full_residual__central_full_attention__hbm_ssd_direct,central_full_attention,full_residual,hbm_ssd_direct,tool,313179,308885,cpu,0,0,0.0,0.0
full_residual__central_full_attention__hbm_ssd_direct,central_full_attention,full_residual,hbm_ssd_direct,tool,313179,308885,ssd,204708,26590709619,0.6536453593631757,0.6627320847564627
full_residual__central_full_attention__hbm_ssd_direct,central_full_attention,full_residual,hbm_ssd_direct,tool,313179,308885,recompute,0,0,0.0,0.0
full_residual__central_full_attention__hbm_ssd_direct,central_full_attention,full_residual,hbm_ssd_direct,unknown,4607,0,decode_hbm,0,0,0.0,0.0
full_residual__central_full_attention__hbm_ssd_direct,central_full_attention,full_residual,hbm_ssd_direct,unknown,4607,0,cpu,0,0,0.0,0.0
full_residual__central_full_attention__hbm_ssd_direct,central_full_attention,full_residual,hbm_ssd_direct,unknown,4607,0,ssd,0,0,0.0,0.0
full_residual__central_full_attention__hbm_ssd_direct,central_full_attention,full_residual,hbm_ssd_direct,unknown,4607,0,recompute,0,0,0.0,0.0
full_residual__central_full_attention__tiered,central_full_attention,full_residual,tiered,human,31997,26952,decode_hbm,7579,2807568761,0.2368659561833922,0.28120362125259724
full_residual__central_full_attention__tiered,central_full_attention,full_residual,tiered,human,31997,26952,cpu,12359,2587870100,0.3862549614026315,0.45855595132086674
full_residual__central_full_attention__tiered,central_full_attention,full_residual,tiered,human,31997,26952,ssd,7014,1147886082,0.21920805075475827,0.2602404274265361
full_residual__central_full_attention__tiered,central_full_attention,full_residual,tiered,human,31997,26952,recompute,0,0,0.0,0.0
full_residual__central_full_attention__tiered,central_full_attention,full_residual,tiered,mixed,3097,2557,decode_hbm,784,153952072,0.25314820794317083,0.3066093077825577
full_residual__central_full_attention__tiered,central_full_attention,full_residual,tiered,mixed,3097,2557,cpu,1276,191828201,0.41201162415240555,0.49902229174814233
full_residual__central_full_attention__tiered,central_full_attention,full_residual,tiered,mixed,3097,2557,ssd,497,90787861,0.16047788182111722,0.19436840046929996
full_residual__central_full_attention__tiered,central_full_attention,full_residual,tiered,mixed,3097,2557,recompute,0,0,0.0,0.0
full_residual__central_full_attention__tiered,central_full_attention,full_residual,tiered,session_start,4281,0,decode_hbm,0,0,0.0,0.0
full_residual__central_full_attention__tiered,central_full_attention,full_residual,tiered,session_start,4281,0,cpu,0,0,0.0,0.0
full_residual__central_full_attention__tiered,central_full_attention,full_residual,tiered,session_start,4281,0,ssd,0,0,0.0,0.0
full_residual__central_full_attention__tiered,central_full_attention,full_residual,tiered,session_start,4281,0,recompute,0,0,0.0,0.0
full_residual__central_full_attention__tiered,central_full_attention,full_residual,tiered,tool,313179,308885,decode_hbm,169075,26348619192,0.5398669770323042,0.5473719992877608
full_residual__central_full_attention__tiered,central_full_attention,full_residual,tiered,tool,313179,308885,cpu,75494,10119435069,0.24105703128242953,0.24440811305178303
full_residual__central_full_attention__tiered,central_full_attention,full_residual,tiered,tool,313179,308885,ssd,64316,9308648100,0.20536498296501363,0.20821988766045615
full_residual__central_full_attention__tiered,central_full_attention,full_residual,tiered,tool,313179,308885,recompute,0,0,0.0,0.0
full_residual__central_full_attention__tiered,central_full_attention,full_residual,tiered,unknown,4607,0,decode_hbm,0,0,0.0,0.0
full_residual__central_full_attention__tiered,central_full_attention,full_residual,tiered,unknown,4607,0,cpu,0,0,0.0,0.0
full_residual__central_full_attention__tiered,central_full_attention,full_residual,tiered,unknown,4607,0,ssd,0,0,0.0,0.0
full_residual__central_full_attention__tiered,central_full_attention,full_residual,tiered,unknown,4607,0,recompute,0,0,0.0,0.0
full_residual__central_attention_one_third__hbm_lru_recompute,central_attention_one_third,full_residual,hbm_lru_recompute,human,31997,26952,decode_hbm,3700,1377932556,0.11563584086008064,0.13728109231225882
full_residual__central_attention_one_third__hbm_lru_recompute,central_attention_one_third,full_residual,hbm_lru_recompute,human,31997,26952,cpu,0,0,0.0,0.0
full_residual__central_attention_one_third__hbm_lru_recompute,central_attention_one_third,full_residual,hbm_lru_recompute,human,31997,26952,ssd,0,0,0.0,0.0
full_residual__central_attention_one_third__hbm_lru_recompute,central_attention_one_third,full_residual,hbm_lru_recompute,human,31997,26952,recompute,23252,5165392387,0.7266931274807014,0.8627189076877412
full_residual__central_attention_one_third__hbm_lru_recompute,central_attention_one_third,full_residual,hbm_lru_recompute,mixed,3097,2557,decode_hbm,254,52529954,0.08201485308362932,0.0993351583887368
full_residual__central_attention_one_third__hbm_lru_recompute,central_attention_one_third,full_residual,hbm_lru_recompute,mixed,3097,2557,cpu,0,0,0.0,0.0
full_residual__central_attention_one_third__hbm_lru_recompute,central_attention_one_third,full_residual,hbm_lru_recompute,mixed,3097,2557,ssd,0,0,0.0,0.0
full_residual__central_attention_one_third__hbm_lru_recompute,central_attention_one_third,full_residual,hbm_lru_recompute,mixed,3097,2557,recompute,2303,384038180,0.7436228608330643,0.9006648416112631
full_residual__central_attention_one_third__hbm_lru_recompute,central_attention_one_third,full_residual,hbm_lru_recompute,session_start,4281,0,decode_hbm,0,0,0.0,0.0
full_residual__central_attention_one_third__hbm_lru_recompute,central_attention_one_third,full_residual,hbm_lru_recompute,session_start,4281,0,cpu,0,0,0.0,0.0
full_residual__central_attention_one_third__hbm_lru_recompute,central_attention_one_third,full_residual,hbm_lru_recompute,session_start,4281,0,ssd,0,0,0.0,0.0
full_residual__central_attention_one_third__hbm_lru_recompute,central_attention_one_third,full_residual,hbm_lru_recompute,session_start,4281,0,recompute,0,0,0.0,0.0
full_residual__central_attention_one_third__hbm_lru_recompute,central_attention_one_third,full_residual,hbm_lru_recompute,tool,313179,308885,decode_hbm,50993,8935573911,0.16282381641170066,0.16508733023617203
full_residual__central_attention_one_third__hbm_lru_recompute,central_attention_one_third,full_residual,hbm_lru_recompute,tool,313179,308885,cpu,0,0,0.0,0.0
full_residual__central_attention_one_third__hbm_lru_recompute,central_attention_one_third,full_residual,hbm_lru_recompute,tool,313179,308885,ssd,0,0,0.0,0.0
full_residual__central_attention_one_third__hbm_lru_recompute,central_attention_one_third,full_residual,hbm_lru_recompute,tool,313179,308885,recompute,257892,36841128450,0.8234651748680467,0.8349126697638279
full_residual__central_attention_one_third__hbm_lru_recompute,central_attention_one_third,full_residual,hbm_lru_recompute,unknown,4607,0,decode_hbm,0,0,0.0,0.0
full_residual__central_attention_one_third__hbm_lru_recompute,central_attention_one_third,full_residual,hbm_lru_recompute,unknown,4607,0,cpu,0,0,0.0,0.0
full_residual__central_attention_one_third__hbm_lru_recompute,central_attention_one_third,full_residual,hbm_lru_recompute,unknown,4607,0,ssd,0,0,0.0,0.0
full_residual__central_attention_one_third__hbm_lru_recompute,central_attention_one_third,full_residual,hbm_lru_recompute,unknown,4607,0,recompute,0,0,0.0,0.0
full_residual__central_attention_one_third__hbm_ssd_direct,central_attention_one_third,full_residual,hbm_ssd_direct,human,31997,26952,decode_hbm,7312,2819762686,0.2285214238834891,0.27129712080736124
full_residual__central_attention_one_third__hbm_ssd_direct,central_attention_one_third,full_residual,hbm_ssd_direct,human,31997,26952,cpu,0,0,0.0,0.0
full_residual__central_attention_one_third__hbm_ssd_direct,central_attention_one_third,full_residual,hbm_ssd_direct,human,31997,26952,ssd,19640,3723562257,0.6138075444572929,0.7287028791926388
full_residual__central_attention_one_third__hbm_ssd_direct,central_attention_one_third,full_residual,hbm_ssd_direct,human,31997,26952,recompute,0,0,0.0,0.0
full_residual__central_attention_one_third__hbm_ssd_direct,central_attention_one_third,full_residual,hbm_ssd_direct,mixed,3097,2557,decode_hbm,635,138799013,0.20503713270907328,0.248337895971842
full_residual__central_attention_one_third__hbm_ssd_direct,central_attention_one_third,full_residual,hbm_ssd_direct,mixed,3097,2557,cpu,0,0,0.0,0.0
full_residual__central_attention_one_third__hbm_ssd_direct,central_attention_one_third,full_residual,hbm_ssd_direct,mixed,3097,2557,ssd,1922,297769121,0.6206005812076203,0.751662104028158
full_residual__central_attention_one_third__hbm_ssd_direct,central_attention_one_third,full_residual,hbm_ssd_direct,mixed,3097,2557,recompute,0,0,0.0,0.0
full_residual__central_attention_one_third__hbm_ssd_direct,central_attention_one_third,full_residual,hbm_ssd_direct,session_start,4281,0,decode_hbm,0,0,0.0,0.0
full_residual__central_attention_one_third__hbm_ssd_direct,central_attention_one_third,full_residual,hbm_ssd_direct,session_start,4281,0,cpu,0,0,0.0,0.0
full_residual__central_attention_one_third__hbm_ssd_direct,central_attention_one_third,full_residual,hbm_ssd_direct,session_start,4281,0,ssd,0,0,0.0,0.0
full_residual__central_attention_one_third__hbm_ssd_direct,central_attention_one_third,full_residual,hbm_ssd_direct,session_start,4281,0,recompute,0,0,0.0,0.0
full_residual__central_attention_one_third__hbm_ssd_direct,central_attention_one_third,full_residual,hbm_ssd_direct,tool,313179,308885,decode_hbm,108853,20032754109,0.34757439036461574,0.3524062353303009
full_residual__central_attention_one_third__hbm_ssd_direct,central_attention_one_third,full_residual,hbm_ssd_direct,tool,313179,308885,cpu,0,0,0.0,0.0
full_residual__central_attention_one_third__hbm_ssd_direct,central_attention_one_third,full_residual,hbm_ssd_direct,tool,313179,308885,ssd,200032,25743948252,0.6387146009151315,0.6475937646696991
full_residual__central_attention_one_third__hbm_ssd_direct,central_attention_one_third,full_residual,hbm_ssd_direct,tool,313179,308885,recompute,0,0,0.0,0.0
full_residual__central_attention_one_third__hbm_ssd_direct,central_attention_one_third,full_residual,hbm_ssd_direct,unknown,4607,0,decode_hbm,0,0,0.0,0.0
full_residual__central_attention_one_third__hbm_ssd_direct,central_attention_one_third,full_residual,hbm_ssd_direct,unknown,4607,0,cpu,0,0,0.0,0.0
full_residual__central_attention_one_third__hbm_ssd_direct,central_attention_one_third,full_residual,hbm_ssd_direct,unknown,4607,0,ssd,0,0,0.0,0.0
full_residual__central_attention_one_third__hbm_ssd_direct,central_attention_one_third,full_residual,hbm_ssd_direct,unknown,4607,0,recompute,0,0,0.0,0.0
full_residual__central_attention_one_third__tiered,central_attention_one_third,full_residual,tiered,human,31997,26952,decode_hbm,8045,2893531017,0.2514298215457699,0.2984936182843574
full_residual__central_attention_one_third__tiered,central_attention_one_third,full_residual,tiered,human,31997,26952,cpu,11956,2508461796,0.37366003062787134,0.44360344315820716
full_residual__central_attention_one_third__tiered,central_attention_one_third,full_residual,tiered,human,31997,26952,ssd,6951,1141332130,0.21723911616714067,0.25790293855743546
full_residual__central_attention_one_third__tiered,central_attention_one_third,full_residual,tiered,human,31997,26952,recompute,0,0,0.0,0.0
full_residual__central_attention_one_third__tiered,central_attention_one_third,full_residual,tiered,mixed,3097,2557,decode_hbm,885,167218531,0.2857604133031966,0.34610872115760655
full_residual__central_attention_one_third__tiered,central_attention_one_third,full_residual,tiered,mixed,3097,2557,cpu,1177,178267658,0.3800452050371327,0.4603050449745796
full_residual__central_attention_one_third__tiered,central_attention_one_third,full_residual,tiered,mixed,3097,2557,ssd,495,91081945,0.1598320955763642,0.19358623386781385
full_residual__central_attention_one_third__tiered,central_attention_one_third,full_residual,tiered,mixed,3097,2557,recompute,0,0,0.0,0.0
full_residual__central_attention_one_third__tiered,central_attention_one_third,full_residual,tiered,session_start,4281,0,decode_hbm,0,0,0.0,0.0
full_residual__central_attention_one_third__tiered,central_attention_one_third,full_residual,tiered,session_start,4281,0,cpu,0,0,0.0,0.0
full_residual__central_attention_one_third__tiered,central_attention_one_third,full_residual,tiered,session_start,4281,0,ssd,0,0,0.0,0.0
full_residual__central_attention_one_third__tiered,central_attention_one_third,full_residual,tiered,session_start,4281,0,recompute,0,0,0.0,0.0
full_residual__central_attention_one_third__tiered,central_attention_one_third,full_residual,tiered,tool,313179,308885,decode_hbm,186191,28624618215,0.5945194281864365,0.6027842077148453
full_residual__central_attention_one_third__tiered,central_attention_one_third,full_residual,tiered,tool,313179,308885,cpu,58075,7782592236,0.18543708230756212,0.1880149570228402
full_residual__central_attention_one_third__tiered,central_attention_one_third,full_residual,tiered,tool,313179,308885,ssd,64619,9369491910,0.20633248078574873,0.20920083526231445
full_residual__central_attention_one_third__tiered,central_attention_one_third,full_residual,tiered,tool,313179,308885,recompute,0,0,0.0,0.0
full_residual__central_attention_one_third__tiered,central_attention_one_third,full_residual,tiered,unknown,4607,0,decode_hbm,0,0,0.0,0.0
full_residual__central_attention_one_third__tiered,central_attention_one_third,full_residual,tiered,unknown,4607,0,cpu,0,0,0.0,0.0
full_residual__central_attention_one_third__tiered,central_attention_one_third,full_residual,tiered,unknown,4607,0,ssd,0,0,0.0,0.0
full_residual__central_attention_one_third__tiered,central_attention_one_third,full_residual,tiered,unknown,4607,0,recompute,0,0,0.0,0.0
full_residual__fast_full_attention__hbm_lru_recompute,fast_full_attention,full_residual,hbm_lru_recompute,human,31997,26952,decode_hbm,3084,1234260701,0.09638403600337532,0.11442564559216385
full_residual__fast_full_attention__hbm_lru_recompute,fast_full_attention,full_residual,hbm_lru_recompute,human,31997,26952,cpu,0,0,0.0,0.0
full_residual__fast_full_attention__hbm_lru_recompute,fast_full_attention,full_residual,hbm_lru_recompute,human,31997,26952,ssd,0,0,0.0,0.0
full_residual__fast_full_attention__hbm_lru_recompute,fast_full_attention,full_residual,hbm_lru_recompute,human,31997,26952,recompute,23868,5309064242,0.7459449323374067,0.8855743544078362
full_residual__fast_full_attention__hbm_lru_recompute,fast_full_attention,full_residual,hbm_lru_recompute,mixed,3097,2557,decode_hbm,202,46649203,0.06522441072005167,0.07899882675009777
full_residual__fast_full_attention__hbm_lru_recompute,fast_full_attention,full_residual,hbm_lru_recompute,mixed,3097,2557,cpu,0,0,0.0,0.0
full_residual__fast_full_attention__hbm_lru_recompute,fast_full_attention,full_residual,hbm_lru_recompute,mixed,3097,2557,ssd,0,0,0.0,0.0
full_residual__fast_full_attention__hbm_lru_recompute,fast_full_attention,full_residual,hbm_lru_recompute,mixed,3097,2557,recompute,2355,389918931,0.7604133031966419,0.9210011732499023
full_residual__fast_full_attention__hbm_lru_recompute,fast_full_attention,full_residual,hbm_lru_recompute,session_start,4281,0,decode_hbm,0,0,0.0,0.0
full_residual__fast_full_attention__hbm_lru_recompute,fast_full_attention,full_residual,hbm_lru_recompute,session_start,4281,0,cpu,0,0,0.0,0.0
full_residual__fast_full_attention__hbm_lru_recompute,fast_full_attention,full_residual,hbm_lru_recompute,session_start,4281,0,ssd,0,0,0.0,0.0
full_residual__fast_full_attention__hbm_lru_recompute,fast_full_attention,full_residual,hbm_lru_recompute,session_start,4281,0,recompute,0,0,0.0,0.0
full_residual__fast_full_attention__hbm_lru_recompute,fast_full_attention,full_residual,hbm_lru_recompute,tool,313179,308885,decode_hbm,42964,7603718140,0.13718672069327764,0.13909383751234278
full_residual__fast_full_attention__hbm_lru_recompute,fast_full_attention,full_residual,hbm_lru_recompute,tool,313179,308885,cpu,0,0,0.0,0.0
full_residual__fast_full_attention__hbm_lru_recompute,fast_full_attention,full_residual,hbm_lru_recompute,tool,313179,308885,ssd,0,0,0.0,0.0
full_residual__fast_full_attention__hbm_lru_recompute,fast_full_attention,full_residual,hbm_lru_recompute,tool,313179,308885,recompute,265921,38172984221,0.8491022705864697,0.8609061624876572
full_residual__fast_full_attention__hbm_lru_recompute,fast_full_attention,full_residual,hbm_lru_recompute,unknown,4607,0,decode_hbm,0,0,0.0,0.0
full_residual__fast_full_attention__hbm_lru_recompute,fast_full_attention,full_residual,hbm_lru_recompute,unknown,4607,0,cpu,0,0,0.0,0.0
full_residual__fast_full_attention__hbm_lru_recompute,fast_full_attention,full_residual,hbm_lru_recompute,unknown,4607,0,ssd,0,0,0.0,0.0
full_residual__fast_full_attention__hbm_lru_recompute,fast_full_attention,full_residual,hbm_lru_recompute,unknown,4607,0,recompute,0,0,0.0,0.0
full_residual__fast_full_attention__hbm_ssd_direct,fast_full_attention,full_residual,hbm_ssd_direct,human,31997,26952,decode_hbm,7189,2765794414,0.22467731349814046,0.2667334520629267
full_residual__fast_full_attention__hbm_ssd_direct,fast_full_attention,full_residual,hbm_ssd_direct,human,31997,26952,cpu,0,0,0.0,0.0
full_residual__fast_full_attention__hbm_ssd_direct,fast_full_attention,full_residual,hbm_ssd_direct,human,31997,26952,ssd,19763,3777530529,0.6176516548426415,0.7332665479370734
full_residual__fast_full_attention__hbm_ssd_direct,fast_full_attention,full_residual,hbm_ssd_direct,human,31997,26952,recompute,0,0,0.0,0.0
full_residual__fast_full_attention__hbm_ssd_direct,fast_full_attention,full_residual,hbm_ssd_direct,mixed,3097,2557,decode_hbm,623,133585279,0.20116241524055536,0.2436448963629253
full_residual__fast_full_attention__hbm_ssd_direct,fast_full_attention,full_residual,hbm_ssd_direct,mixed,3097,2557,cpu,0,0,0.0,0.0
full_residual__fast_full_attention__hbm_ssd_direct,fast_full_attention,full_residual,hbm_ssd_direct,mixed,3097,2557,ssd,1934,302982855,0.6244752986761382,0.7563551036370747
full_residual__fast_full_attention__hbm_ssd_direct,fast_full_attention,full_residual,hbm_ssd_direct,mixed,3097,2557,recompute,0,0,0.0,0.0
full_residual__fast_full_attention__hbm_ssd_direct,fast_full_attention,full_residual,hbm_ssd_direct,session_start,4281,0,decode_hbm,0,0,0.0,0.0
full_residual__fast_full_attention__hbm_ssd_direct,fast_full_attention,full_residual,hbm_ssd_direct,session_start,4281,0,cpu,0,0,0.0,0.0
full_residual__fast_full_attention__hbm_ssd_direct,fast_full_attention,full_residual,hbm_ssd_direct,session_start,4281,0,ssd,0,0,0.0,0.0
full_residual__fast_full_attention__hbm_ssd_direct,fast_full_attention,full_residual,hbm_ssd_direct,session_start,4281,0,recompute,0,0,0.0,0.0
full_residual__fast_full_attention__hbm_ssd_direct,fast_full_attention,full_residual,hbm_ssd_direct,tool,313179,308885,decode_hbm,108420,19913343446,0.3461917944689778,0.3510044191203846
full_residual__fast_full_attention__hbm_ssd_direct,fast_full_attention,full_residual,hbm_ssd_direct,tool,313179,308885,cpu,0,0,0.0,0.0
full_residual__fast_full_attention__hbm_ssd_direct,fast_full_attention,full_residual,hbm_ssd_direct,tool,313179,308885,ssd,200465,25863358915,0.6400971968107696,0.6489955808796154
full_residual__fast_full_attention__hbm_ssd_direct,fast_full_attention,full_residual,hbm_ssd_direct,tool,313179,308885,recompute,0,0,0.0,0.0
full_residual__fast_full_attention__hbm_ssd_direct,fast_full_attention,full_residual,hbm_ssd_direct,unknown,4607,0,decode_hbm,0,0,0.0,0.0
full_residual__fast_full_attention__hbm_ssd_direct,fast_full_attention,full_residual,hbm_ssd_direct,unknown,4607,0,cpu,0,0,0.0,0.0
full_residual__fast_full_attention__hbm_ssd_direct,fast_full_attention,full_residual,hbm_ssd_direct,unknown,4607,0,ssd,0,0,0.0,0.0
full_residual__fast_full_attention__hbm_ssd_direct,fast_full_attention,full_residual,hbm_ssd_direct,unknown,4607,0,recompute,0,0,0.0,0.0
full_residual__fast_full_attention__tiered,fast_full_attention,full_residual,tiered,human,31997,26952,decode_hbm,7868,2868778069,0.24589805294246336,0.2919263876521223
full_residual__fast_full_attention__tiered,fast_full_attention,full_residual,tiered,human,31997,26952,cpu,12155,2536120021,0.379879363690346,0.45098693974473136
full_residual__fast_full_attention__tiered,fast_full_attention,full_residual,tiered,human,31997,26952,ssd,6929,1138426853,0.21655155170797263,0.2570866726031463
full_residual__fast_full_attention__tiered,fast_full_attention,full_residual,tiered,human,31997,26952,recompute,0,0,0.0,0.0
full_residual__fast_full_attention__tiered,fast_full_attention,full_residual,tiered,mixed,3097,2557,decode_hbm,854,161008122,0.27575072650952537,0.33398513883457176
full_residual__fast_full_attention__tiered,fast_full_attention,full_residual,tiered,mixed,3097,2557,cpu,1213,185733492,0.3916693574426865,0.4743840438013297
full_residual__fast_full_attention__tiered,fast_full_attention,full_residual,tiered,mixed,3097,2557,ssd,490,89826520,0.15821762996448174,0.19163081736409857
full_residual__fast_full_attention__tiered,fast_full_attention,full_residual,tiered,mixed,3097,2557,recompute,0,0,0.0,0.0
full_residual__fast_full_attention__tiered,fast_full_attention,full_residual,tiered,session_start,4281,0,decode_hbm,0,0,0.0,0.0
full_residual__fast_full_attention__tiered,fast_full_attention,full_residual,tiered,session_start,4281,0,cpu,0,0,0.0,0.0
full_residual__fast_full_attention__tiered,fast_full_attention,full_residual,tiered,session_start,4281,0,ssd,0,0,0.0,0.0
full_residual__fast_full_attention__tiered,fast_full_attention,full_residual,tiered,session_start,4281,0,recompute,0,0,0.0,0.0
full_residual__fast_full_attention__tiered,fast_full_attention,full_residual,tiered,tool,313179,308885,decode_hbm,184207,28258354488,0.5881843929509961,0.5963611052657137
full_residual__fast_full_attention__tiered,fast_full_attention,full_residual,tiered,tool,313179,308885,cpu,60820,8271126090,0.19420203781224157,0.19690175955452677
full_residual__fast_full_attention__tiered,fast_full_attention,full_residual,tiered,tool,313179,308885,ssd,63858,9247221783,0.20390256051650973,0.20673713517975945
full_residual__fast_full_attention__tiered,fast_full_attention,full_residual,tiered,tool,313179,308885,recompute,0,0,0.0,0.0
full_residual__fast_full_attention__tiered,fast_full_attention,full_residual,tiered,unknown,4607,0,decode_hbm,0,0,0.0,0.0
full_residual__fast_full_attention__tiered,fast_full_attention,full_residual,tiered,unknown,4607,0,cpu,0,0,0.0,0.0
full_residual__fast_full_attention__tiered,fast_full_attention,full_residual,tiered,unknown,4607,0,ssd,0,0,0.0,0.0
full_residual__fast_full_attention__tiered,fast_full_attention,full_residual,tiered,unknown,4607,0,recompute,0,0,0.0,0.0
full_residual__slow_full_attention__hbm_lru_recompute,slow_full_attention,full_residual,hbm_lru_recompute,human,31997,26952,decode_hbm,2427,1000148090,0.07585086101822046,0.09004897595725735
full_residual__slow_full_attention__hbm_lru_recompute,slow_full_attention,full_residual,hbm_lru_recompute,human,31997,26952,cpu,0,0,0.0,0.0
full_residual__slow_full_attention__hbm_lru_recompute,slow_full_attention,full_residual,hbm_lru_recompute,human,31997,26952,ssd,0,0,0.0,0.0
full_residual__slow_full_attention__hbm_lru_recompute,slow_full_attention,full_residual,hbm_lru_recompute,human,31997,26952,recompute,24525,5543176853,0.7664781073225615,0.9099510240427426
full_residual__slow_full_attention__hbm_lru_recompute,slow_full_attention,full_residual,hbm_lru_recompute,mixed,3097,2557,decode_hbm,165,35722696,0.05327736519212141,0.06452874462260462
full_residual__slow_full_attention__hbm_lru_recompute,slow_full_attention,full_residual,hbm_lru_recompute,mixed,3097,2557,cpu,0,0,0.0,0.0
full_residual__slow_full_attention__hbm_lru_recompute,slow_full_attention,full_residual,hbm_lru_recompute,mixed,3097,2557,ssd,0,0,0.0,0.0
full_residual__slow_full_attention__hbm_lru_recompute,slow_full_attention,full_residual,hbm_lru_recompute,mixed,3097,2557,recompute,2392,400845438,0.7723603487245722,0.9354712553773954
full_residual__slow_full_attention__hbm_lru_recompute,slow_full_attention,full_residual,hbm_lru_recompute,session_start,4281,0,decode_hbm,0,0,0.0,0.0
full_residual__slow_full_attention__hbm_lru_recompute,slow_full_attention,full_residual,hbm_lru_recompute,session_start,4281,0,cpu,0,0,0.0,0.0
full_residual__slow_full_attention__hbm_lru_recompute,slow_full_attention,full_residual,hbm_lru_recompute,session_start,4281,0,ssd,0,0,0.0,0.0
full_residual__slow_full_attention__hbm_lru_recompute,slow_full_attention,full_residual,hbm_lru_recompute,session_start,4281,0,recompute,0,0,0.0,0.0
full_residual__slow_full_attention__hbm_lru_recompute,slow_full_attention,full_residual,hbm_lru_recompute,tool,313179,308885,decode_hbm,37728,6722498580,0.12046784746103666,0.12214254496009842
full_residual__slow_full_attention__hbm_lru_recompute,slow_full_attention,full_residual,hbm_lru_recompute,tool,313179,308885,cpu,0,0,0.0,0.0
full_residual__slow_full_attention__hbm_lru_recompute,slow_full_attention,full_residual,hbm_lru_recompute,tool,313179,308885,ssd,0,0,0.0,0.0
full_residual__slow_full_attention__hbm_lru_recompute,slow_full_attention,full_residual,hbm_lru_recompute,tool,313179,308885,recompute,271157,39054203781,0.8658211438187107,0.8778574550399015
full_residual__slow_full_attention__hbm_lru_recompute,slow_full_attention,full_residual,hbm_lru_recompute,unknown,4607,0,decode_hbm,0,0,0.0,0.0
full_residual__slow_full_attention__hbm_lru_recompute,slow_full_attention,full_residual,hbm_lru_recompute,unknown,4607,0,cpu,0,0,0.0,0.0
full_residual__slow_full_attention__hbm_lru_recompute,slow_full_attention,full_residual,hbm_lru_recompute,unknown,4607,0,ssd,0,0,0.0,0.0
full_residual__slow_full_attention__hbm_lru_recompute,slow_full_attention,full_residual,hbm_lru_recompute,unknown,4607,0,recompute,0,0,0.0,0.0
full_residual__slow_full_attention__hbm_ssd_direct,slow_full_attention,full_residual,hbm_ssd_direct,human,31997,26952,decode_hbm,6975,2696148838,0.21798918648623308,0.258793410507569
full_residual__slow_full_attention__hbm_ssd_direct,slow_full_attention,full_residual,hbm_ssd_direct,human,31997,26952,cpu,0,0,0.0,0.0
full_residual__slow_full_attention__hbm_ssd_direct,slow_full_attention,full_residual,hbm_ssd_direct,human,31997,26952,ssd,19977,3847176105,0.6243397818545489,0.741206589492431
full_residual__slow_full_attention__hbm_ssd_direct,slow_full_attention,full_residual,hbm_ssd_direct,human,31997,26952,recompute,0,0,0.0,0.0
full_residual__slow_full_attention__hbm_ssd_direct,slow_full_attention,full_residual,hbm_ssd_direct,mixed,3097,2557,decode_hbm,581,118263942,0.18760090410074265,0.22721939773171684
full_residual__slow_full_attention__hbm_ssd_direct,slow_full_attention,full_residual,hbm_ssd_direct,mixed,3097,2557,cpu,0,0,0.0,0.0
full_residual__slow_full_attention__hbm_ssd_direct,slow_full_attention,full_residual,hbm_ssd_direct,mixed,3097,2557,ssd,1976,318304192,0.6380368098159509,0.7727806022682832
full_residual__slow_full_attention__hbm_ssd_direct,slow_full_attention,full_residual,hbm_ssd_direct,mixed,3097,2557,recompute,0,0,0.0,0.0
full_residual__slow_full_attention__hbm_ssd_direct,slow_full_attention,full_residual,hbm_ssd_direct,session_start,4281,0,decode_hbm,0,0,0.0,0.0
full_residual__slow_full_attention__hbm_ssd_direct,slow_full_attention,full_residual,hbm_ssd_direct,session_start,4281,0,cpu,0,0,0.0,0.0
full_residual__slow_full_attention__hbm_ssd_direct,slow_full_attention,full_residual,hbm_ssd_direct,session_start,4281,0,ssd,0,0,0.0,0.0
full_residual__slow_full_attention__hbm_ssd_direct,slow_full_attention,full_residual,hbm_ssd_direct,session_start,4281,0,recompute,0,0,0.0,0.0
full_residual__slow_full_attention__hbm_ssd_direct,slow_full_attention,full_residual,hbm_ssd_direct,tool,313179,308885,decode_hbm,103163,18884619331,0.3294058669323294,0.3339851401006847
full_residual__slow_full_attention__hbm_ssd_direct,slow_full_attention,full_residual,hbm_ssd_direct,tool,313179,308885,cpu,0,0,0.0,0.0
full_residual__slow_full_attention__hbm_ssd_direct,slow_full_attention,full_residual,hbm_ssd_direct,tool,313179,308885,ssd,205722,26892083030,0.6568831243474179,0.6660148598993153
full_residual__slow_full_attention__hbm_ssd_direct,slow_full_attention,full_residual,hbm_ssd_direct,tool,313179,308885,recompute,0,0,0.0,0.0
full_residual__slow_full_attention__hbm_ssd_direct,slow_full_attention,full_residual,hbm_ssd_direct,unknown,4607,0,decode_hbm,0,0,0.0,0.0
full_residual__slow_full_attention__hbm_ssd_direct,slow_full_attention,full_residual,hbm_ssd_direct,unknown,4607,0,cpu,0,0,0.0,0.0
full_residual__slow_full_attention__hbm_ssd_direct,slow_full_attention,full_residual,hbm_ssd_direct,unknown,4607,0,ssd,0,0,0.0,0.0
full_residual__slow_full_attention__hbm_ssd_direct,slow_full_attention,full_residual,hbm_ssd_direct,unknown,4607,0,recompute,0,0,0.0,0.0
full_residual__slow_full_attention__tiered,slow_full_attention,full_residual,tiered,human,31997,26952,decode_hbm,7506,2804043125,0.23458449229615277,0.2784951024042743
full_residual__slow_full_attention__tiered,slow_full_attention,full_residual,tiered,human,31997,26952,cpu,12271,2563403472,0.3835047035659593,0.4552908875037103
full_residual__slow_full_attention__tiered,slow_full_attention,full_residual,tiered,human,31997,26952,ssd,7175,1175878346,0.22423977247866989,0.26621401009201545
full_residual__slow_full_attention__tiered,slow_full_attention,full_residual,tiered,human,31997,26952,recompute,0,0,0.0,0.0
full_residual__slow_full_attention__tiered,slow_full_attention,full_residual,tiered,mixed,3097,2557,decode_hbm,758,151593759,0.244752986761382,0.2964411419632382
full_residual__slow_full_attention__tiered,slow_full_attention,full_residual,tiered,mixed,3097,2557,cpu,1281,191076055,0.413626089764288,0.5009777082518576
full_residual__slow_full_attention__tiered,slow_full_attention,full_residual,tiered,mixed,3097,2557,ssd,518,93898320,0.16725863739102356,0.20258114978490419
full_residual__slow_full_attention__tiered,slow_full_attention,full_residual,tiered,mixed,3097,2557,recompute,0,0,0.0,0.0
full_residual__slow_full_attention__tiered,slow_full_attention,full_residual,tiered,session_start,4281,0,decode_hbm,0,0,0.0,0.0
full_residual__slow_full_attention__tiered,slow_full_attention,full_residual,tiered,session_start,4281,0,cpu,0,0,0.0,0.0
full_residual__slow_full_attention__tiered,slow_full_attention,full_residual,tiered,session_start,4281,0,ssd,0,0,0.0,0.0
full_residual__slow_full_attention__tiered,slow_full_attention,full_residual,tiered,session_start,4281,0,recompute,0,0,0.0,0.0
full_residual__slow_full_attention__tiered,slow_full_attention,full_residual,tiered,tool,313179,308885,decode_hbm,158998,25044801951,0.507690490103104,0.5147482072616022
full_residual__slow_full_attention__tiered,slow_full_attention,full_residual,tiered,tool,313179,308885,cpu,82570,10967474130,0.2636511388056032,0.26731631513346393
full_residual__slow_full_attention__tiered,slow_full_attention,full_residual,tiered,tool,313179,308885,ssd,67317,9764426280,0.2149473623710402,0.21793547760493387
full_residual__slow_full_attention__tiered,slow_full_attention,full_residual,tiered,tool,313179,308885,recompute,0,0,0.0,0.0
full_residual__slow_full_attention__tiered,slow_full_attention,full_residual,tiered,unknown,4607,0,decode_hbm,0,0,0.0,0.0
full_residual__slow_full_attention__tiered,slow_full_attention,full_residual,tiered,unknown,4607,0,cpu,0,0,0.0,0.0
full_residual__slow_full_attention__tiered,slow_full_attention,full_residual,tiered,unknown,4607,0,ssd,0,0,0.0,0.0
full_residual__slow_full_attention__tiered,slow_full_attention,full_residual,tiered,unknown,4607,0,recompute,0,0,0.0,0.0
